SerialNumber,PartNumber,ReceiverLine,ReceiverStation,AcquisitionDuration,SegmentCount,CSACLolCount,MinutesTillFirstCSACLol,StartPhaseMeasurementNS,AcqStartTimeDTUTC,FirstCSACLolDTUTC,LastCSACLolDTUTC,AcqEndTimeDTUTC,EndPhaseMeasurementNS,CSACAlarmCount,NumberOfLogRecords,AvgHeaterPower,MaxHeaterPower,BatteryChargeLevelInitial,BatteryChargeLevelFinal,BatteryDischargeRatePerHour,InitialHumidity,FinalHumidity,HumidityChange
7607,280720001,1613,5002,d25 h19 m53 s14,1,0,0,1365853903000000000,4/18/2023 11:51:25,1/1/0001 0:00:00,1/1/0001 0:00:00,5/14/2023 7:44:39,1368085497000000000,3719,3720,10.57248,10.81,100,34,0.106471,17.33705,19.03159,1.694546
1874,280720001,1613,5010,d25 h19 m48 s07,1,0,0,1365853903000000000,4/18/2023 11:51:25,1/1/0001 0:00:00,1/1/0001 0:00:00,5/14/2023 7:39:32,1368085190000000000,0,3720,12.28998,12.56,99.33334,35,0.1037966,32.67609,36.15808,3.481987
8350,280720001,1613,5018,d25 h19 m48 s12,1,0,0,1365853903000000000,4/18/2023 11:51:25,1/1/0001 0:00:00,1/1/0001 0:00:00,5/14/2023 7:39:37,1368085195000000000,0,3720,11.89856,12.14,100,19.33333,0.1301488,27.76215,30.34405,2.581905
4037,280720001,1613,5026,d25 h19 m48 s16,2,0,0,1365853903000000000,4/18/2023 11:51:25,1/1/0001 0:00:00,1/1/0001 0:00:00,5/14/2023 7:39:41,1368085199000000000,3719,3720,11.90967,12.14,98.33334,20.66667,0.1253083,22.31268,24.33687,2.024183
6979,280720001,1613,5034,d25 h19 m07 s41,1,0,0,1365856357000000000,4/18/2023 12:32:19,1/1/0001 0:00:00,1/1/0001 0:00:00,5/14/2023 7:40:00,1368085218000000000,3715,3716,12.20249,12.44,99.66666,25.66667,0.1195229,20.57755,22.40921,1.831663
6822,280720001,1613,5042,d25 h19 m48 s30,1,0,0,1365853903000000000,4/18/2023 11:51:25,1/1/0001 0:00:00,1/1/0001 0:00:00,5/14/2023 7:39:55,1368085213000000000,0,3720,11.61716,11.85,97.66666,31,0.1075601,24.48254,25.07326,0.5907211
2159,280720001,1613,5050,d25 h19 m48 s47,1,0,0,1365853903000000000,4/18/2023 11:51:25,1/1/0001 0:00:00,1/1/0001 0:00:00,5/14/2023 7:40:12,1368085230000000000,0,3720,9.812433,10.08,100,27.33333,0.1172396,25.22899,28.02281,2.793823
810,280720001,1613,5058,d25 h19 m49 s08,1,0,0,1365853903000000000,4/18/2023 11:51:25,1/1/0001 0:00:00,1/1/0001 0:00:00,5/14/2023 7:40:33,1368085251000000000,0,3720,9.655659,9.97,100,20,0.12907,22.93165,24.57972,1.648067
2729,280720001,1613,5066,d25 h19 m49 s02,1,0,0,1365853903000000000,4/18/2023 11:51:25,1/1/0001 0:00:00,1/1/0001 0:00:00,5/14/2023 7:40:27,1368085245000000000,0,3720,10.07885,10.32,100,18.33333,0.1317593,20.81969,22.64301,1.823318
15112,280720003,1613,5074,d25 h19 m49 s39,1,0,0,1365853903000000000,4/18/2023 11:51:25,1/1/0001 0:00:00,1/1/0001 0:00:00,5/14/2023 7:41:04,1368085282000000000,3719,3720,11.02498,11.28,100,18.33333,0.1317571,19.90915,22.10983,2.200678
6597,280720001,1613,5082,d25 h19 m49 s34,1,0,0,1365853903000000000,4/18/2023 11:51:25,1/1/0001 0:00:00,1/1/0001 0:00:00,5/14/2023 7:40:59,1368085277000000000,0,3720,9.609022,9.82,100,22.66667,0.1247662,17.75132,19.31573,1.564409
860,280720001,1613,5090,d25 h19 m49 s31,1,0,0,1365853903000000000,4/18/2023 11:51:25,1/1/0001 0:00:00,1/1/0001 0:00:00,5/14/2023 7:40:56,1368085274000000000,3719,3720,11.77729,12.02,100,44,0.09034804,22.46333,24.98878,2.525452
15810,280720003,1613,5098,d25 h19 m50 s13,2,0,0,1365853903000000000,4/18/2023 11:51:25,1/1/0001 0:00:00,1/1/0001 0:00:00,5/14/2023 7:41:38,1368085316000000000,3718,3724,10.81152,11.02,100,46,0.08711969,16.59223,18.85847,2.266232
3359,280720001,1613,5106,d25 h20 m08 s49,1,0,0,1365853903000000000,4/18/2023 11:51:25,1/1/0001 0:00:00,1/1/0001 0:00:00,5/14/2023 8:00:14,1368086432000000000,0,3720,17.32225,17.61,100,16.33333,0.1349142,26.03434,28.15576,2.121426
6791,280720001,1613,5114,d25 h19 m26 s19,1,0,0,1365855356000000000,4/18/2023 12:15:38,1/1/0001 0:00:00,1/1/0001 0:00:00,5/14/2023 7:41:57,1368085335000000000,0,3720,11.10156,11.37,100,25,0.1210774,25.39131,27.32194,1.93063
8467,280720001,1613,5122,d25 h19 m26 s42,1,0,0,1365855356000000000,4/18/2023 12:15:38,1/1/0001 0:00:00,1/1/0001 0:00:00,5/14/2023 7:42:20,1368085358000000000,0,3720,11.42045,11.65,100,24.33333,0.1221524,23.69547,26.63549,2.940014
3610,280720001,1613,5130,d25 h19 m50 s50,1,0,0,1365853903000000000,4/18/2023 11:51:25,1/1/0001 0:00:00,1/1/0001 0:00:00,5/14/2023 7:42:15,1368085353000000000,0,3720,11.69204,11.93,100,19.33333,0.1301396,25.19448,27.29112,2.096634
3694,280720001,1613,5138,d25 h19 m51 s27,1,0,0,1365853903000000000,4/18/2023 11:51:25,1/1/0001 0:00:00,1/1/0001 0:00:00,5/14/2023 7:42:52,1368085390000000000,0,3720,16.00743,16.31,100,20.33333,0.1285242,27.66385,30.42313,2.759283
15329,280720003,1613,5146,d25 h19 m51 s23,1,0,0,1365853903000000000,4/18/2023 11:51:25,1/1/0001 0:00:00,1/1/0001 0:00:00,5/14/2023 7:42:48,1368085386000000000,3719,3720,11.47667,11.72,100,61.66667,0.06184228,14.73679,16.7963,2.059505
2619,280720001,1613,5154,d25 h19 m51 s48,1,0,0,1365853903000000000,4/18/2023 11:51:25,1/1/0001 0:00:00,1/1/0001 0:00:00,5/14/2023 7:43:13,1368085411000000000,0,3720,16.60163,17.09,100,24,0.1226077,20.49335,22.39344,1.900099
3568,280720001,1613,5162,d25 h19 m52 s58,1,0,0,1365853903000000000,4/18/2023 11:51:25,1/1/0001 0:00:00,1/1/0001 0:00:00,5/14/2023 7:44:23,1368085481000000000,0,3720,11.51128,11.76,100,23.66667,0.1231416,24.93993,27.24352,2.303595
2571,280720001,1613,5170,d25 h19 m52 s12,1,0,0,1365853903000000000,4/18/2023 11:51:25,1/1/0001 0:00:00,1/1/0001 0:00:00,5/14/2023 7:43:37,1368085435000000000,3719,3720,14.10487,14.41,100,22,0.1258328,10.9811,12.62866,1.647561
15855,280720003,1613,5178,d25 h19 m50 s11,1,0,0,1365854013000000000,4/18/2023 11:53:15,1/1/0001 0:00:00,1/1/0001 0:00:00,5/14/2023 7:43:26,1368085424000000000,3719,3720,9.468174,9.68,100,27.66667,0.1166975,22.60982,25.74403,3.134218
6890,280720001,1613,5186,d25 h19 m51 s51,1,0,0,1365853903000000000,4/18/2023 11:51:25,1/1/0001 0:00:00,1/1/0001 0:00:00,5/14/2023 7:43:16,1368085414000000000,0,3720,9.249028,9.45,100,21.33333,0.1269095,21.65196,23.5696,1.917639
6567,280720001,1613,5194,d25 h19 m51 s33,1,0,0,1365853903000000000,4/18/2023 11:51:25,1/1/0001 0:00:00,1/1/0001 0:00:00,5/14/2023 7:42:58,1368085396000000000,0,3720,11.55996,11.8,100,27,0.1177687,22.65963,25.01993,2.3603
736,280720001,1613,5202,d25 h19 m52 s37,1,0,0,1365853903000000000,4/18/2023 11:51:25,1/1/0001 0:00:00,1/1/0001 0:00:00,5/14/2023 7:44:02,1368085460000000000,0,3720,10.25598,10.47,100,34.33333,0.105935,22.60048,24.63295,2.032469
2489,280720001,1613,5210,d25 h19 m51 s03,1,0,0,1365853903000000000,4/18/2023 11:51:25,1/1/0001 0:00:00,1/1/0001 0:00:00,5/14/2023 7:42:28,1368085366000000000,0,3720,18.13433,18.48,100,13.66667,0.1392808,28.06833,31.05296,2.984632
3374,280720001,1613,5218,d25 h19 m50 s44,1,0,0,1365853903000000000,4/18/2023 11:51:25,1/1/0001 0:00:00,1/1/0001 0:00:00,5/14/2023 7:42:09,1368085347000000000,0,3720,14.46526,14.74,100,20,0.1290644,29.08758,32.08255,2.994968
1734,280720001,1613,5226,d25 h19 m50 s24,1,0,0,1365853903000000000,4/18/2023 11:51:25,1/1/0001 0:00:00,1/1/0001 0:00:00,5/14/2023 7:41:49,1368085327000000000,0,3720,9.937108,10.18,100,17.66667,0.13283,28.48186,32.66563,4.183775
2518,280720001,1613,5234,d25 h20 m08 s34,1,0,0,1365853903000000000,4/18/2023 11:51:25,1/1/0001 0:00:00,1/1/0001 0:00:00,5/14/2023 7:59:59,1368086417000000000,0,3720,10.82933,11.06,100,21.66667,0.126315,22.39349,25.03526,2.641771
851,280720001,1613,5242,d25 h19 m49 s46,1,0,0,1365853903000000000,4/18/2023 11:51:25,1/1/0001 0:00:00,1/1/0001 0:00:00,5/14/2023 7:41:11,1368085289000000000,0,3720,11.85546,12.11,100,19,0.1306811,30.75965,29.77234,-0.9873104
358,280720001,1613,5250,d25 h19 m49 s34,1,0,0,1365853903000000000,4/18/2023 11:51:25,1/1/0001 0:00:00,1/1/0001 0:00:00,5/14/2023 7:40:59,1368085277000000000,0,3720,10.71401,10.94,99,19,0.1290685,24.39192,27.01253,2.620602
3987,280720001,1613,5258,d25 h19 m49 s23,1,0,0,1365853903000000000,4/18/2023 11:51:25,1/1/0001 0:00:00,1/1/0001 0:00:00,5/14/2023 7:40:48,1368085266000000000,0,3720,10.37979,10.62,100,27.66667,0.1167,26.72145,30.09007,3.36861
1026,280720001,1613,5266,d25 h19 m49 s03,1,0,0,1365853903000000000,4/18/2023 11:51:25,1/1/0001 0:00:00,1/1/0001 0:00:00,5/14/2023 7:40:28,1368085246000000000,0,3720,18.61093,18.97,100,15.33333,0.1365993,27.65209,30.40281,2.750721
2607,280720001,1613,5274,d25 h19 m52 s55,1,0,0,1365853903000000000,4/18/2023 11:51:25,1/1/0001 0:00:00,1/1/0001 0:00:00,5/14/2023 7:44:20,1368085478000000000,0,3720,12.68081,12.93,100,21.66667,0.1263682,22.23205,24.44086,2.208803
365,280720001,1613,5282,d25 h19 m48 s28,1,0,0,1365853903000000000,4/18/2023 11:51:25,1/1/0001 0:00:00,1/1/0001 0:00:00,5/14/2023 7:39:53,1368085211000000000,0,3720,11.995,12.23,100,18.33333,0.1317613,18.12117,19.8016,1.680429
6436,280720001,1613,5290,d25 h20 m02 s20,1,0,0,1365853903000000000,4/18/2023 11:51:25,1/1/0001 0:00:00,1/1/0001 0:00:00,5/14/2023 7:53:45,1368086043000000000,0,3720,11.91527,12.13,100,24,0.122573,19.91182,21.97632,2.064503
8066,280720001,1613,5298,d25 h19 m48 s04,1,0,0,1365853903000000000,4/18/2023 11:51:25,1/1/0001 0:00:00,1/1/0001 0:00:00,5/14/2023 7:39:29,1368085187000000000,0,3720,11.56456,11.78,100,19.66667,0.1296115,16.52416,17.82725,1.303089
7312,280720001,1613,5314,d25 h20 m49 s18,1,0,0,1365853903000000000,4/18/2023 11:51:25,1/1/0001 0:00:00,1/1/0001 0:00:00,5/14/2023 8:40:43,1368088861000000000,0,3724,11.20996,11.47,100,26.66667,0.118123,25.63929,27.98538,2.346098
15431,280720003,1613,5322,d25 h20 m19 s24,1,0,0,1365853903000000000,4/18/2023 11:51:25,1/1/0001 0:00:00,1/1/0001 0:00:00,5/14/2023 8:10:49,1368087067000000000,3722,3724,13.01873,13.3,100,42,0.09349963,18.50808,20.7626,2.25452
728,280720001,1613,5330,d25 h20 m24 s48,1,0,0,1365853903000000000,4/18/2023 11:51:25,1/1/0001 0:00:00,1/1/0001 0:00:00,5/14/2023 8:16:13,1368087391000000000,0,3724,13.5554,13.87,100,14,0.1386173,30.21117,31.80957,1.598402
3729,280720001,1613,5338,d25 h20 m51 s49,1,0,0,1365851970000000000,4/18/2023 11:19:12,1/1/0001 0:00:00,1/1/0001 0:00:00,5/14/2023 8:11:01,1368087079000000000,0,3728,10.59068,10.83,100,16.33333,0.1347585,25.9101,27.23829,1.328199
7431,280720001,1613,5346,d25 h20 m51 s58,1,0,0,1365851970000000000,4/18/2023 11:19:12,1/1/0001 0:00:00,1/1/0001 0:00:00,5/14/2023 8:11:10,1368087088000000000,0,3728,11.27728,11.5,100,26,0.1191883,23.25014,24.68161,1.431473
6323,280720001,1613,5354,d25 h20 m52 s05,1,0,0,1365851970000000000,4/18/2023 11:19:12,1/1/0001 0:00:00,1/1/0001 0:00:00,5/14/2023 8:11:17,1368087095000000000,0,3728,9.264567,9.48,100,34.66667,0.105229,26.38533,27.9191,1.533772
2954,280720001,1613,5362,d25 h20 m52 s16,1,0,0,1365851970000000000,4/18/2023 11:19:12,1/1/0001 0:00:00,1/1/0001 0:00:00,5/14/2023 8:11:28,1368087106000000000,0,3728,15.06632,16.79,99.66666,24,0.1218718,25.90978,27.55087,1.64109
3565,280720001,1613,5370,d25 h18 m01 s04,1,0,0,1365862251000000000,4/18/2023 14:10:33,1/1/0001 0:00:00,1/1/0001 0:00:00,5/14/2023 8:11:37,1368087115000000000,0,3708,14.33573,14.62,100,1.333333,0.1596502,28.48584,29.14817,0.6623268
15268,280720004,1613,5378,d25 h20 m52 s31,1,0,0,1365851970000000000,4/18/2023 11:19:12,1/1/0001 0:00:00,1/1/0001 0:00:00,5/14/2023 8:11:43,1368087121000000000,3725,3728,14.26144,14.53,100,46,0.08697399,13.96898,15.43961,1.470633
1345,280720001,1613,5386,d25 h19 m58 s36,1,0,0,1365855213000000000,4/18/2023 12:13:15,1/1/0001 0:00:00,1/1/0001 0:00:00,5/14/2023 8:11:51,1368087129000000000,3720,3720,8.731225,8.94,100,23,0.1241982,19.8119,21.26851,1.45661
8038,280720001,1613,5394,d25 h19 m58 s42,1,1614,8.85,1365855213000000000,4/18/2023 12:13:15,4/18/2023 12:22:06,5/14/2023 7:50:47,5/14/2023 8:11:57,1368087135000000000,3572,3720,11.91281,12.18,100,25.33333,0.1204343,16.36257,17.45729,1.094721
7708,280720001,1613,5402,d25 h20 m52 s55,1,0,0,1365851970000000000,4/18/2023 11:19:12,1/1/0001 0:00:00,1/1/0001 0:00:00,5/14/2023 8:12:07,1368087145000000000,0,3728,9.84478,10.06,100,26,0.1191853,31.58533,46.41346,14.82813
2785,280720001,1613,5410,d25 h20 m53 s02,1,0,0,1365851970000000000,4/18/2023 11:19:12,1/1/0001 0:00:00,1/1/0001 0:00:00,5/14/2023 8:12:14,1368087152000000000,3726,3728,11.57251,11.89,100,26.66667,0.1181112,14.92245,16.81455,1.892104
6827,280720001,1613,5418,d25 h20 m53 s13,1,0,0,1365851970000000000,4/18/2023 11:19:12,1/1/0001 0:00:00,1/1/0001 0:00:00,5/14/2023 8:12:25,1368087163000000000,0,3728,8.683399,8.89,100,29.66667,0.1132788,27.96606,30.17102,2.204966
6316,280720001,1613,5426,d25 h20 m55 s57,1,0,0,1365851970000000000,4/18/2023 11:19:12,1/1/0001 0:00:00,1/1/0001 0:00:00,5/14/2023 8:15:09,1368087327000000000,0,3728,8.512936,8.7,100,25,0.1207861,28.44889,30.77075,2.321856
7754,280720001,1613,5434,d25 h20 m53 s34,1,0,0,1365851970000000000,4/18/2023 11:19:12,1/1/0001 0:00:00,1/1/0001 0:00:00,5/14/2023 8:12:46,1368087184000000000,0,3728,10.53967,10.76,100,24,0.1224044,22.73352,24.20548,1.471956
6428,280720001,1613,5442,d25 h21 m26 s39,1,0,0,1365851970000000000,4/18/2023 11:19:12,1/1/0001 0:00:00,1/1/0001 0:00:00,5/14/2023 8:45:51,1368089169000000000,0,3728,11.05789,11.28,100,24.66667,0.121223,25.85355,27.84577,1.99222
1894,280720001,1613,5450,d25 h20 m53 s58,1,0,0,1365851970000000000,4/18/2023 11:19:12,1/1/0001 0:00:00,1/1/0001 0:00:00,5/14/2023 8:13:10,1368087208000000000,0,3728,12.35574,12.58,100,27,0.1175714,25.58542,27.70434,2.118921
2393,280720001,1613,5458,d25 h20 m21 s38,1,0,0,1365853903000000000,4/18/2023 11:51:25,1/1/0001 0:00:00,1/1/0001 0:00:00,5/14/2023 8:13:03,1368087201000000000,0,3724,8.585511,8.76,100,20.66667,0.1278826,24.12917,26.37581,2.246639
535,280720001,1613,5466,d25 h20 m54 s16,1,0,0,1365851970000000000,4/18/2023 11:19:12,1/1/0001 0:00:00,1/1/0001 0:00:00,5/14/2023 8:13:28,1368087226000000000,0,3728,14.13072,14.42,100,24,0.1224021,26.89119,29.0748,2.183617
6910,280720001,1613,5474,d25 h20 m54 s20,1,0,0,1365851970000000000,4/18/2023 11:19:12,1/1/0001 0:00:00,1/1/0001 0:00:00,5/14/2023 8:13:32,1368087230000000000,0,3728,9.472389,9.66,100,27.33333,0.1170334,23.14804,25.6969,2.548862
3845,280720001,1613,5482,d25 h20 m54 s32,1,0,0,1365851970000000000,4/18/2023 11:19:12,1/1/0001 0:00:00,1/1/0001 0:00:00,5/14/2023 8:13:44,1368087242000000000,3726,3728,13.80122,14.05,100,22,0.1256223,28.68743,31.46401,2.776581
15454,280720003,1613,5490,d25 h20 m54 s39,1,0,0,1365851970000000000,4/18/2023 11:19:12,1/1/0001 0:00:00,1/1/0001 0:00:00,5/14/2023 8:13:51,1368087249000000000,3726,3728,9.921255,10.13,100,37.33333,0.100927,30.32748,33.85151,3.524035
2041,280720001,1613,5498,d25 h21 m08 s46,1,0,0,1365851970000000000,4/18/2023 11:19:12,1/1/0001 0:00:00,1/1/0001 0:00:00,5/14/2023 8:27:58,1368088096000000000,3726,3728,12.01163,12.24,100,21.33333,0.1266476,21.1788,23.03375,1.854956
3159,280720001,1613,5506,d25 h20 m22 s09,1,0,0,1365853903000000000,4/18/2023 11:51:25,1/1/0001 0:00:00,1/1/0001 0:00:00,5/14/2023 8:13:34,1368087232000000000,3722,3724,11.02359,11.27,100,23,0.1241196,15.78727,17.36229,1.575018
1919,280720001,1613,5514,d25 h20 m22 s01,1,0,0,1365853903000000000,4/18/2023 11:51:25,1/1/0001 0:00:00,1/1/0001 0:00:00,5/14/2023 8:13:26,1368087224000000000,0,3724,16.53469,16.81,100,16,0.1354037,28.82332,32.16091,3.337589
2741,280720001,1613,5522,d25 h20 m54 s05,1,0,0,1365851970000000000,4/18/2023 11:19:12,1/1/0001 0:00:00,1/1/0001 0:00:00,5/14/2023 8:13:17,1368087215000000000,0,3728,12.20446,12.43,100,18.66667,0.1309924,25.31152,27.94045,2.628927
7518,280720001,1613,5530,d25 h20 m53 s54,1,0,0,1365851970000000000,4/18/2023 11:19:12,1/1/0001 0:00:00,1/1/0001 0:00:00,5/14/2023 8:13:06,1368087204000000000,0,3728,10.52893,10.73,100,24.66667,0.1213296,29.57549,32.72057,3.145077
8426,280720001,1613,5538,d25 h20 m53 s39,1,0,0,1365851970000000000,4/18/2023 11:19:12,1/1/0001 0:00:00,1/1/0001 0:00:00,5/14/2023 8:12:51,1368087189000000000,0,3728,12.50935,12.75,100,20.33333,0.1283096,19.81785,22.18824,2.37039
15736,280720003,1613,5546,d25 h20 m21 s12,1,0,0,1365853903000000000,4/18/2023 11:51:25,1/1/0001 0:00:00,1/1/0001 0:00:00,5/14/2023 8:12:37,1368087175000000000,3722,3724,9.596102,9.78,100,23.66667,0.1230482,26.67756,30.14453,3.466969
1847,280720001,1613,5554,d25 h20 m21 s01,1,0,0,1365853903000000000,4/18/2023 11:51:25,1/1/0001 0:00:00,1/1/0001 0:00:00,5/14/2023 8:12:26,1368087164000000000,0,3724,17.78309,18.1,100,24,0.1225114,26.05166,28.85123,2.799576
1350,280720001,1613,5562,d25 h20 m53 s02,1,0,0,1365851970000000000,4/18/2023 11:19:12,1/1/0001 0:00:00,1/1/0001 0:00:00,5/14/2023 8:12:14,1368087152000000000,0,3728,12.35323,12.61,100,13,0.1401228,29.80529,32.83482,3.02953
645,280720001,1613,5570,d25 h20 m55 s15,1,0,0,1365851970000000000,4/18/2023 11:19:12,1/1/0001 0:00:00,1/1/0001 0:00:00,5/14/2023 8:14:27,1368087285000000000,0,3728,12.89182,13.15,100,12.66667,0.1406513,23.94798,26.51014,2.562164
428,280720001,1613,5578,d25 h20 m52 s20,1,0,0,1365851970000000000,4/18/2023 11:19:12,1/1/0001 0:00:00,1/1/0001 0:00:00,5/14/2023 8:11:32,1368087110000000000,0,3728,10.70043,10.9,100,30.33333,0.1122077,21.42092,22.7651,1.344179
4035,280720001,1613,5586,d25 h20 m52 s08,1,0,0,1365851970000000000,4/18/2023 11:19:12,1/1/0001 0:00:00,1/1/0001 0:00:00,5/14/2023 8:11:20,1368087098000000000,0,3728,14.23518,14.47,100,11,0.1433475,26.67249,28.68847,2.015976
4009,280720001,1613,5594,d25 h20 m51 s53,1,0,0,1365851970000000000,4/18/2023 11:19:12,1/1/0001 0:00:00,1/1/0001 0:00:00,5/14/2023 8:11:05,1368087083000000000,3725,3728,12.0139,12.2,100,23,0.1240206,20.72509,22.31699,1.5919
8496,280720001,1613,5602,d25 h20 m51 s43,1,0,0,1365851970000000000,4/18/2023 11:19:12,1/1/0001 0:00:00,1/1/0001 0:00:00,5/14/2023 8:10:55,1368087073000000000,0,3728,9.810661,10.01,100,19.66667,0.12939,22.0709,24.25372,2.182819
6572,280720001,1613,5610,d25 h20 m56 s06,1,0,0,1365853903000000000,4/18/2023 11:51:25,1/1/0001 0:00:00,1/1/0001 0:00:00,5/14/2023 8:47:31,1368089269000000000,0,3728,13.22711,13.48,100,30.33333,0.1121964,22.14213,24.17771,2.035578
1373,280720001,1613,5618,d25 h21 m22 s16,1,0,0,1365851970000000000,4/18/2023 11:19:12,1/1/0001 0:00:00,1/1/0001 0:00:00,5/14/2023 8:41:28,1368088906000000000,0,3728,13.04642,13.28,94.33334,24.66667,0.1121177,27.37515,29.63717,2.262018
15346,280720003,1613,5626,d25 h21 m22 s23,1,0,0,1365851970000000000,4/18/2023 11:19:12,1/1/0001 0:00:00,1/1/0001 0:00:00,5/14/2023 8:41:35,1368088913000000000,0,3728,9.625119,9.82,100,40.66667,0.09548746,24.9951,28.2303,3.235201
2343,280720001,1613,5634,d25 h21 m22 s28,1,0,0,1365851970000000000,4/18/2023 11:19:12,1/1/0001 0:00:00,1/1/0001 0:00:00,5/14/2023 8:41:40,1368088918000000000,0,3728,20.77121,21.11,100,23,0.1239188,27.53841,28.92707,1.388662
15083,280720003,1613,5642,d25 h20 m50 s22,1,0,0,1365853903000000000,4/18/2023 11:51:25,1/1/0001 0:00:00,1/1/0001 0:00:00,5/14/2023 8:41:47,1368088925000000000,0,3728,11.08617,11.29,100,24.33333,0.121878,20.37958,21.65764,1.278059
7528,280720001,1613,5650,d25 h21 m38 s25,1,0,0,1365851970000000000,4/18/2023 11:19:12,1/1/0001 0:00:00,1/1/0001 0:00:00,5/14/2023 8:57:37,1368089875000000000,0,3732,10.39701,10.63,100,29.66667,0.1131415,26.40085,28.43194,2.031092
7076,280720001,1613,5658,d25 h21 m22 s45,1,0,0,1365851970000000000,4/18/2023 11:19:12,1/1/0001 0:00:00,1/1/0001 0:00:00,5/14/2023 8:41:57,1368088935000000000,0,3732,11.01799,11.22,100,28,0.1158713,30.86901,34.21225,3.343237
174,280720001,1613,5666,d25 h21 m22 s49,1,0,0,1365851970000000000,4/18/2023 11:19:12,1/1/0001 0:00:00,1/1/0001 0:00:00,5/14/2023 8:42:01,1368088939000000000,0,3732,10.4065,10.62,100,24,0.1223084,28.41046,30.05467,1.644215
259,280720001,1613,5674,d25 h21 m22 s55,1,0,0,1365851970000000000,4/18/2023 11:19:12,1/1/0001 0:00:00,1/1/0001 0:00:00,5/14/2023 8:42:07,1368088945000000000,0,3732,16.74313,17.04,100,16,0.1351826,31.38404,33.1724,1.788363
6777,280720001,1613,5682,d25 h21 m23 s05,1,0,0,1365851970000000000,4/18/2023 11:19:12,1/1/0001 0:00:00,1/1/0001 0:00:00,5/14/2023 8:42:17,1368088955000000000,0,3732,10.34624,10.54,100,27,0.1174796,25.83038,27.3371,1.506727
6850,280720001,1613,5690,d25 h20 m50 s57,1,0,0,1365853903000000000,4/18/2023 11:51:25,1/1/0001 0:00:00,1/1/0001 0:00:00,5/14/2023 8:42:22,1368088960000000000,0,3728,10.72979,10.93,100,24.33333,0.1218761,25.02682,26.87821,1.851387
15738,280720003,1613,5698,d25 h21 m27 s29,1,0,0,1365851970000000000,4/18/2023 11:19:12,1/1/0001 0:00:00,1/1/0001 0:00:00,5/14/2023 8:46:41,1368089219000000000,0,3732,9.624273,9.84,100,30,0.1126383,30.60057,33.31089,2.710321
1725,280720001,1613,5706,d25 h21 m23 s20,1,0,0,1365851970000000000,4/18/2023 11:19:12,1/1/0001 0:00:00,1/1/0001 0:00:00,5/14/2023 8:42:32,1368088970000000000,0,3732,10.53576,10.73,100,17,0.1335717,18.09133,19.32548,1.234158
15192,280720003,1613,5714,d25 h21 m23 s26,1,0,0,1365851970000000000,4/18/2023 11:19:12,1/1/0001 0:00:00,1/1/0001 0:00:00,5/14/2023 8:42:38,1368088976000000000,0,3732,11.40027,11.61,100,35.33333,0.1040677,19.06025,20.88865,1.8284
1106,280720001,1613,5722,d25 h21 m26 s03,1,0,0,1365851970000000000,4/18/2023 11:19:12,1/1/0001 0:00:00,1/1/0001 0:00:00,5/14/2023 8:45:15,1368089133000000000,0,3732,13.16682,13.44,97.66666,19.33333,0.1260525,27.08097,28.95688,1.875916
7531,280720001,1613,5730,d25 h21 m23 s38,1,0,0,1365851970000000000,4/18/2023 11:19:12,1/1/0001 0:00:00,1/1/0001 0:00:00,5/14/2023 8:42:50,1368088988000000000,0,3732,11.02367,11.23,100,27.33333,0.1169414,23.10205,24.66116,1.559113
912,280720001,1613,5738,d25 h21 m23 s42,1,0,0,1365851970000000000,4/18/2023 11:19:12,1/1/0001 0:00:00,1/1/0001 0:00:00,5/14/2023 8:42:54,1368088992000000000,0,3732,15.11643,15.38,100,17.33333,0.133034,30.63926,32.92186,2.282608
7369,280720001,1613,5746,d25 h21 m23 s48,1,0,0,1365851970000000000,4/18/2023 11:19:12,1/1/0001 0:00:00,1/1/0001 0:00:00,5/14/2023 8:43:00,1368088998000000000,0,3732,10.59521,10.81,100,27.66667,0.1164044,20.13441,21.98397,1.849564
3692,280720001,1613,5754,d25 h21 m36 s43,1,0,0,1365851970000000000,4/18/2023 11:19:12,1/1/0001 0:00:00,1/1/0001 0:00:00,5/14/2023 8:55:55,1368089773000000000,0,3732,13.04316,13.28,100,15.33333,0.136205,21.75292,23.53826,1.785336
8016,280720001,1613,5762,d25 h21 m55 s47,1,0,0,1365851970000000000,4/18/2023 11:19:12,1/1/0001 0:00:00,1/1/0001 0:00:00,5/14/2023 9:14:59,1368090917000000000,0,3732,10.09714,10.32,100,24,0.1222003,22.89384,24.78876,1.89492
1184,280720001,1613,5770,d25 h21 m55 s06,1,0,0,1365851970000000000,4/18/2023 11:19:12,1/1/0001 0:00:00,1/1/0001 0:00:00,5/14/2023 9:14:18,1368090876000000000,0,3732,12.61815,12.9,100,19.66667,0.1291702,25.74055,27.92511,2.184555
8534,280720001,1613,5778,d25 h20 m30 s07,1,0,0,1365855213000000000,4/18/2023 12:13:15,1/1/0001 0:00:00,1/1/0001 0:00:00,5/14/2023 8:43:22,1368089020000000000,0,3724,9.854712,10.04,100,18.66667,0.1310767,23.5008,25.46383,1.963034
1898,280720001,1613,5786,d25 h21 m24 s16,1,0,0,1365851970000000000,4/18/2023 11:19:12,1/1/0001 0:00:00,1/1/0001 0:00:00,5/14/2023 8:43:28,1368089026000000000,0,3732,18.07225,18.45,100,22,0.1255221,25.57308,27.8707,2.297621
3250,280720001,1613,5794,d25 h21 m24 s21,1,0,0,1365851970000000000,4/18/2023 11:19:12,1/1/0001 0:00:00,1/1/0001 0:00:00,5/14/2023 8:43:33,1368089031000000000,0,3732,13.28655,13.53,100,23,0.1239126,24.68221,26.18318,1.500971
7198,280720001,1613,5802,d25 h21 m24 s28,1,0,0,1365851970000000000,4/18/2023 11:19:12,1/1/0001 0:00:00,1/1/0001 0:00:00,5/14/2023 8:43:40,1368089038000000000,0,3732,12.16404,12.42,100,24.33333,0.1217665,27.38825,29.77642,2.388172
7537,280720001,1613,5810,d25 h20 m52 s23,1,0,0,1365853903000000000,4/18/2023 11:51:25,1/1/0001 0:00:00,1/1/0001 0:00:00,5/14/2023 8:43:48,1368089046000000000,0,3728,11.16623,11.7,100,26.33333,0.1186501,20.88757,22.78203,1.894463
2111,280720001,1613,5818,d25 h18 m49 s07,2,1,-19.2,1365862251000000000,4/18/2023 14:10:33,4/18/2023 13:51:21,4/18/2023 13:51:21,5/14/2023 8:59:40,1368089998000000000,0,3220,16.30362,16.58,100,0.3333333,0.1610596,26.68198,26.98707,0.3050938
15163,280720003,1613,5826,d25 h21 m24 s41,1,0,0,1365851970000000000,4/18/2023 11:19:12,1/1/0001 0:00:00,1/1/0001 0:00:00,5/14/2023 8:43:53,1368089051000000000,3729,3732,9.070927,9.28,100,28.66667,0.1147925,25.14395,30.80245,5.658493
499,280720001,1613,5834,d25 h21 m24 s27,1,0,0,1365851970000000000,4/18/2023 11:19:12,1/1/0001 0:00:00,1/1/0001 0:00:00,5/14/2023 8:43:39,1368089037000000000,3729,3732,13.12611,13.37,100,21.33333,0.1265943,22.7205,25.30703,2.586529
7442,280720001,1613,5842,d25 h20 m30 s12,1,0,0,1365855213000000000,4/18/2023 12:13:15,1/1/0001 0:00:00,1/1/0001 0:00:00,5/14/2023 8:43:27,1368089025000000000,0,3724,11.55936,11.75,100,24.66667,0.1214068,25.70695,28.28041,2.573458
7819,280720001,1613,5850,d25 h21 m24 s08,1,0,0,1365851970000000000,4/18/2023 11:19:12,1/1/0001 0:00:00,1/1/0001 0:00:00,5/14/2023 8:43:20,1368089018000000000,0,3732,10.80708,11.03,100,23.33333,0.1233769,26.89119,29.78104,2.889851
8133,280720001,1613,5858,d25 h21 m25 s19,1,0,0,1365851970000000000,4/18/2023 11:19:12,1/1/0001 0:00:00,1/1/0001 0:00:00,5/14/2023 8:44:31,1368089089000000000,0,3732,12.7707,12.99,100,27.33333,0.1169361,23.63997,26.35312,2.713148
3429,280720001,1613,5866,d25 h21 m23 s40,1,0,0,1365851970000000000,4/18/2023 11:19:12,1/1/0001 0:00:00,1/1/0001 0:00:00,5/14/2023 8:42:52,1368088990000000000,0,3732,11.28383,11.5,100,28,0.1158684,20.15564,22.60635,2.450714
6861,280720001,1613,5874,d25 h21 m23 s21,1,0,0,1365851970000000000,4/18/2023 11:19:12,1/1/0001 0:00:00,1/1/0001 0:00:00,5/14/2023 8:42:33,1368088971000000000,0,3732,9.612506,9.84,98.66666,26.33333,0.1164058,20.66518,22.89419,2.229006
3867,280720001,1613,5882,d25 h21 m23 s05,1,0,0,1365851970000000000,4/18/2023 11:19:12,1/1/0001 0:00:00,1/1/0001 0:00:00,5/14/2023 8:42:17,1368088955000000000,0,3732,10.55285,10.75,100,24.33333,0.121771,22.94321,25.71812,2.774906
6751,280720001,1613,5890,d25 h21 m34 s46,1,0,0,1365851970000000000,4/18/2023 11:19:12,1/1/0001 0:00:00,1/1/0001 0:00:00,5/14/2023 8:53:58,1368089656000000000,0,3732,12.11022,12.33,100,23.33333,0.1233417,30.88986,34.63213,3.742271
3087,280720001,1613,5898,d25 h21 m22 s38,1,0,0,1365851970000000000,4/18/2023 11:19:12,1/1/0001 0:00:00,1/1/0001 0:00:00,5/14/2023 8:41:50,1368088928000000000,0,3732,10.33848,10.53,98,20,0.1255276,23.22262,26.60679,3.384163
7329,280720001,1613,5906,d25 h21 m51 s33,1,0,0,1365851970000000000,4/18/2023 11:19:12,1/1/0001 0:00:00,1/1/0001 0:00:00,5/14/2023 9:10:45,1368090663000000000,0,3732,9.693216,9.88,100,25,0.1206061,27.58643,30.02089,2.434456
6802,280720001,1613,5914,d25 h21 m51 s41,1,0,0,1365851970000000000,4/18/2023 11:19:12,1/1/0001 0:00:00,1/1/0001 0:00:00,5/14/2023 9:10:53,1368090671000000000,0,3732,11.44374,11.7,100,24.66667,0.1211417,26.94216,29.32943,2.387272
6496,280720001,1613,5922,d25 h21 m52 s08,1,0,0,1365851970000000000,4/18/2023 11:19:12,1/1/0001 0:00:00,1/1/0001 0:00:00,5/14/2023 9:11:20,1368090698000000000,0,3732,9.845267,10.03,100,23,0.1238203,24.24256,26.20126,1.958696
6489,280720001,1613,5930,d25 h21 m52 s17,1,0,0,1365851970000000000,4/18/2023 11:19:12,1/1/0001 0:00:00,1/1/0001 0:00:00,5/14/2023 9:11:29,1368090707000000000,0,3732,10.45959,10.65,100,26.33333,0.1184596,28.65446,31.06927,2.414806
4023,280720001,1613,5938,d25 h21 m53 s39,1,0,0,1365851894000000000,4/18/2023 11:17:56,1/1/0001 0:00:00,1/1/0001 0:00:00,5/14/2023 9:11:35,1368090713000000000,0,3732,11.744,11.98,100,16.33333,0.1345352,29.13506,31.26908,2.134026
8637,280720001,1613,5946,d25 h21 m53 s44,1,0,0,1365851894000000000,4/18/2023 11:17:56,1/1/0001 0:00:00,1/1/0001 0:00:00,5/14/2023 9:11:40,1368090718000000000,0,3732,11.25842,11.46,100,32.33333,0.1088071,26.36126,29.27365,2.912395
6299,280720001,1613,5954,d25 h21 m53 s51,1,0,0,1365851894000000000,4/18/2023 11:17:56,1/1/0001 0:00:00,1/1/0001 0:00:00,5/14/2023 9:11:47,1368090725000000000,0,3732,11.11428,11.31,100,25.66667,0.1195267,21.79797,22.90098,1.103012
7438,280720001,1613,5962,d25 h21 m53 s56,1,0,0,1365851894000000000,4/18/2023 11:17:56,1/1/0001 0:00:00,1/1/0001 0:00:00,5/14/2023 9:11:52,1368090730000000000,0,3732,11.98776,12.21,100,27,0.1173824,25.11759,27.1039,1.986311
3795,280720001,1613,5970,d25 h21 m54 s02,1,0,0,1365851894000000000,4/18/2023 11:17:56,1/1/0001 0:00:00,1/1/0001 0:00:00,5/14/2023 9:11:58,1368090736000000000,0,3732,9.921223,10.13,100,21.33333,0.126494,29.74851,31.59485,1.846346
2828,280720001,1613,5978,d25 h21 m54 s07,1,0,0,1365851894000000000,4/18/2023 11:17:56,1/1/0001 0:00:00,1/1/0001 0:00:00,5/14/2023 9:12:03,1368090741000000000,0,3732,19.79119,20.08,100,16,0.1350695,28.67766,29.97591,1.298248
1990,280720001,1613,5986,d25 h21 m54 s16,1,0,0,1365851894000000000,4/18/2023 11:17:56,1/1/0001 0:00:00,1/1/0001 0:00:00,5/14/2023 9:12:12,1368090750000000000,0,3732,13.99096,14.24,100,20,0.1286371,25.98084,27.59218,1.611334
844,280720001,1613,5994,d25 h21 m54 s22,1,0,0,1365851894000000000,4/18/2023 11:17:56,1/1/0001 0:00:00,1/1/0001 0:00:00,5/14/2023 9:12:18,1368090756000000000,0,3732,10.46876,10.66,100,28.66667,0.1147011,25.3999,27.31583,1.915934
6583,280720001,1613,6002,d25 h21 m54 s29,1,633,57.25,1365851894000000000,4/18/2023 11:17:56,4/18/2023 12:15:11,5/14/2023 9:06:23,5/14/2023 9:12:25,1368090763000000000,3,3732,10.38252,10.57,100,26.66667,0.1179167,27.28722,34.00367,6.716448
581,280720001,1613,6010,d25 h20 m59 s18,1,0,0,1365855213000000000,4/18/2023 12:13:15,1/1/0001 0:00:00,1/1/0001 0:00:00,5/14/2023 9:12:33,1368090771000000000,0,3728,10.62739,10.82,100,15,0.1368786,28.20151,29.71841,1.516899
1552,280720001,1613,6018,d25 h21 m21 s16,1,0,0,1365853903000000000,4/18/2023 11:51:25,1/1/0001 0:00:00,1/1/0001 0:00:00,5/14/2023 9:12:41,1368090779000000000,0,3728,10.88266,11.09,99.66666,24,0.121777,25.49306,27.87547,2.382404
6957,280720001,1613,6026,d25 h21 m54 s54,1,0,0,1365851894000000000,4/18/2023 11:17:56,1/1/0001 0:00:00,1/1/0001 0:00:00,5/14/2023 9:12:50,1368090788000000000,0,3732,12.16665,12.38,100,22.66667,0.1243471,30.83465,33.24966,2.415016
1185,280720001,1613,6034,d25 h21 m55 s03,1,0,0,1365851894000000000,4/18/2023 11:17:56,1/1/0001 0:00:00,1/1/0001 0:00:00,5/14/2023 9:12:59,1368090797000000000,0,3732,10.82883,11.05,100,18,0.1318503,26.21139,28.25548,2.044085
3011,280720001,1613,6042,d25 h21 m55 s11,1,0,0,1365851894000000000,4/18/2023 11:17:56,1/1/0001 0:00:00,1/1/0001 0:00:00,5/14/2023 9:13:07,1368090805000000000,0,3732,10.59188,10.79,100,22,0.1254181,19.93188,21.52818,1.5963
1659,280720001,1613,6050,d25 h21 m55 s23,1,0,0,1365851894000000000,4/18/2023 11:17:56,1/1/0001 0:00:00,1/1/0001 0:00:00,5/14/2023 9:13:19,1368090817000000000,0,3732,10.80441,11.02,100,22.33333,0.1248815,26.29566,28.42997,2.134314
2525,280720001,1613,6058,d25 h21 m32 s32,1,0,0,1365853903000000000,4/18/2023 11:51:25,1/1/0001 0:00:00,1/1/0001 0:00:00,5/14/2023 9:23:57,1368091455000000000,0,3732,12.41501,12.65,100,5,0.1528456,24.82186,26.32354,1.501673
996,280720001,1613,6066,d25 h21 m59 s12,1,0,0,1365851894000000000,4/18/2023 11:17:56,1/1/0001 0:00:00,1/1/0001 0:00:00,5/14/2023 9:17:08,1368091046000000000,0,3732,11.8192,12.06,100,33.33333,0.1071834,31.60028,35.2428,3.642517
7908,280720001,1613,6074,d25 h21 m55 s48,1,0,0,1365851894000000000,4/18/2023 11:17:56,1/1/0001 0:00:00,1/1/0001 0:00:00,5/14/2023 9:13:44,1368090842000000000,0,3732,9.653704,9.84,100,26.66667,0.1179125,32.32952,35.78524,3.455715
8020,280720001,1613,6082,d25 h21 m55 s59,1,0,0,1365851894000000000,4/18/2023 11:17:56,1/1/0001 0:00:00,1/1/0001 0:00:00,5/14/2023 9:13:55,1368090853000000000,0,3732,12.67971,12.9,100,29.33333,0.1136242,23.36108,25.37807,2.016993
2107,280720001,1613,6090,d25 h21 m56 s05,1,0,0,1365851894000000000,4/18/2023 11:17:56,1/1/0001 0:00:00,1/1/0001 0:00:00,5/14/2023 9:14:01,1368090859000000000,0,3732,19.65856,19.96,100,14.66667,0.1372063,25.6574,28.07652,2.419123
7274,280720001,1613,6098,d25 h21 m56 s17,1,0,0,1365851894000000000,4/18/2023 11:17:56,1/1/0001 0:00:00,1/1/0001 0:00:00,5/14/2023 9:14:13,1368090871000000000,0,3732,14.43019,14.67,100,20.66667,0.1275583,27.7746,30.58957,2.814976
3916,280720001,1613,6106,d25 h21 m56 s22,1,0,0,1365851894000000000,4/18/2023 11:17:56,1/1/0001 0:00:00,1/1/0001 0:00:00,5/14/2023 9:14:18,1368090876000000000,0,3732,14.49176,14.71,100,19.33333,0.1297018,27.79036,30.33088,2.540516
3544,280720001,1613,6114,d25 h21 m56 s28,1,0,0,1365851894000000000,4/18/2023 11:17:56,1/1/0001 0:00:00,1/1/0001 0:00:00,5/14/2023 9:14:24,1368090882000000000,0,3732,10.40828,10.59,100,24.66667,0.1211262,22.94102,25.17888,2.237867
2387,280720001,1613,6122,d25 h21 m56 s41,2,0,0,1365851894000000000,4/18/2023 11:17:56,1/1/0001 0:00:00,1/1/0001 0:00:00,5/14/2023 9:14:37,1368090895000000000,3733,3736,16.09718,16.41,100,19,0.1302367,20.60895,22.83281,2.223854
2395,280720001,1613,6130,d25 h21 m56 s47,1,0,0,1365851894000000000,4/18/2023 11:17:56,1/1/0001 0:00:00,1/1/0001 0:00:00,5/14/2023 9:14:43,1368090901000000000,0,3732,9.913996,10.1,100,21.66667,0.1259487,23.68013,26.03144,2.351315
7441,280720001,1613,6138,d25 h21 m59 s45,1,0,0,1365851894000000000,4/18/2023 11:17:56,1/1/0001 0:00:00,1/1/0001 0:00:00,5/14/2023 9:17:41,1368091079000000000,0,3732,14.51125,14.79,100,24.33333,0.1216514,21.32689,23.70987,2.382988
597,280720001,1613,6146,d25 h21 m58 s28,1,0,0,1365851894000000000,4/18/2023 11:17:56,1/1/0001 0:00:00,1/1/0001 0:00:00,5/14/2023 9:16:24,1368091002000000000,0,3732,12.25787,12.51,100,20,0.1286227,21.54824,23.84835,2.300112
15676,280720004,1613,6154,d25 h21 m22 s49,1,0,0,1365853903000000000,4/18/2023 11:51:25,1/1/0001 0:00:00,1/1/0001 0:00:00,5/14/2023 9:14:14,1368090872000000000,3729,3732,10.22836,10.42,100,47.33333,0.08475755,23.42314,26.81856,3.395418
15864,280720003,1613,6162,d25 h21 m56 s00,1,0,0,1365851894000000000,4/18/2023 11:17:56,1/1/0001 0:00:00,1/1/0001 0:00:00,5/14/2023 9:13:56,1368090854000000000,0,3732,9.969885,10.15,100,20.66667,0.1275592,24.6446,37.50256,12.85797
7427,280720001,1613,6170,d25 h21 m55 s43,1,0,0,1365851894000000000,4/18/2023 11:17:56,1/1/0001 0:00:00,1/1/0001 0:00:00,5/14/2023 9:13:39,1368090837000000000,0,3732,13.18431,13.43,100,27,0.1173768,23.14568,26.10343,2.95775
219,280720001,1613,6178,d25 h21 m55 s32,1,0,0,1365851894000000000,4/18/2023 11:17:56,1/1/0001 0:00:00,1/1/0001 0:00:00,5/14/2023 9:13:28,1368090826000000000,0,3732,17.50768,17.81,100,17.33333,0.1329205,23.04992,25.84305,2.793129
3169,280720001,1613,6186,d25 h21 m40 s19,1,0,0,1365853903000000000,4/18/2023 11:51:25,1/1/0001 0:00:00,1/1/0001 0:00:00,5/14/2023 9:31:44,1368091922000000000,0,3728,14.32772,14.61,100,16.33333,0.1345833,26.31931,27.988,1.668692
7656,280720001,1613,6194,d25 h21 m01 s42,1,403,70.0166666666667,1365855213000000000,4/18/2023 12:13:15,4/18/2023 13:23:16,5/14/2023 8:53:15,5/14/2023 9:14:57,1368090915000000000,1,3728,9.232687,9.41,100,27.66667,0.1164735,24.96119,29.0848,4.123615
7501,280720001,1613,6202,d25 h22 m37 s37,1,0,0,1365851894000000000,4/18/2023 11:17:56,1/1/0001 0:00:00,1/1/0001 0:00:00,5/14/2023 9:55:33,1368093351000000000,0,3736,11.04693,11.28,100,27.33333,0.1167098,20.68127,22.86154,2.180269
8011,280720001,1613,6210,d25 h22 m45 s28,1,0,0,1365851894000000000,4/18/2023 11:17:56,1/1/0001 0:00:00,1/1/0001 0:00:00,5/14/2023 10:03:24,1368093822000000000,0,3736,10.30246,10.48,100,25.66667,0.1193616,26.82152,29.71001,2.888493
3216,280720001,1613,6218,d25 h22 m29 s27,1,0,0,1365851894000000000,4/18/2023 11:17:56,1/1/0001 0:00:00,1/1/0001 0:00:00,5/14/2023 9:47:23,1368092861000000000,0,3736,10.49013,10.69,100,18.33333,0.1311934,21.78261,23.8143,2.031696
1737,280720001,1613,6226,d25 h22 m29 s36,1,0,0,1365851894000000000,4/18/2023 11:17:56,1/1/0001 0:00:00,1/1/0001 0:00:00,5/14/2023 9:47:32,1368092870000000000,0,3736,11.116,11.33,100,17,0.1333348,27.31856,30.03494,2.716383
7410,280720001,1613,6234,d25 h21 m34 s27,1,0,0,1365855213000000000,4/18/2023 12:13:15,1/1/0001 0:00:00,1/1/0001 0:00:00,5/14/2023 9:47:42,1368092880000000000,0,3732,13.06606,13.29,99,32.66667,0.1067183,22.39349,24.44478,2.051291
602,280720001,1613,6242,d25 h22 m29 s51,1,0,0,1365851894000000000,4/18/2023 11:17:56,1/1/0001 0:00:00,1/1/0001 0:00:00,5/14/2023 9:47:47,1368092885000000000,0,3736,8.511249,8.7,100,13.66667,0.1386887,27.14172,28.99867,1.856955
2806,280720001,1613,6250,d25 h22 m29 s59,1,0,0,1365851894000000000,4/18/2023 11:17:56,1/1/0001 0:00:00,1/1/0001 0:00:00,5/14/2023 9:47:55,1368092893000000000,0,3736,10.40269,10.6,100,16.66667,0.1338689,29.61246,31.95333,2.34087
376,280720001,1613,6258,d25 h22 m30 s07,1,0,0,1365851894000000000,4/18/2023 11:17:56,1/1/0001 0:00:00,1/1/0001 0:00:00,5/14/2023 9:48:03,1368092901000000000,0,3736,13.95886,14.23,100,32,0.1092366,22.73882,24.85749,2.11867
15135,280720003,1613,6266,d25 h22 m30 s14,1,0,0,1365851894000000000,4/18/2023 11:17:56,1/1/0001 0:00:00,1/1/0001 0:00:00,5/14/2023 9:48:10,1368092908000000000,0,3736,10.00436,10.19,100,30,0.1124491,24.42066,26.87221,2.451551
1988,280720001,1613,6274,d25 h22 m35 s49,1,0,0,1365851894000000000,4/18/2023 11:17:56,1/1/0001 0:00:00,1/1/0001 0:00:00,5/14/2023 9:53:45,1368093243000000000,0,3736,10.24993,10.48,100,14,0.1381311,26.65388,28.51204,1.858158
2744,280720001,1613,6282,d25 h22 m30 s29,1,0,0,1365851894000000000,4/18/2023 11:17:56,1/1/0001 0:00:00,1/1/0001 0:00:00,5/14/2023 9:48:25,1368092923000000000,0,3736,9.837032,10.03,100,24.33333,0.1215513,21.58069,23.11634,1.535654
1006,280720001,1613,6290,d25 h22 m30 s36,1,0,0,1365851894000000000,4/18/2023 11:17:56,1/1/0001 0:00:00,1/1/0001 0:00:00,5/14/2023 9:48:32,1368092930000000000,0,3736,11.87024,12.13,100,18.33333,0.1311893,23.09675,24.78193,1.685188
2649,280720001,1613,6298,d25 h22 m30 s44,1,0,0,1365851894000000000,4/18/2023 11:17:56,1/1/0001 0:00:00,1/1/0001 0:00:00,5/14/2023 9:48:40,1368092938000000000,0,3736,11.34399,11.54,100,19,0.1301179,26.06018,28.25667,2.196489
15209,280720003,1613,6306,d25 h21 m35 s32,1,0,0,1365855213000000000,4/18/2023 12:13:15,1/1/0001 0:00:00,1/1/0001 0:00:00,5/14/2023 9:48:47,1368092945000000000,0,3732,10.50121,10.71,100,36.66667,0.1018889,16.46937,17.84558,1.376213
325,280720001,1613,6314,d25 h22 m30 s59,1,0,0,1365851894000000000,4/18/2023 11:17:56,1/1/0001 0:00:00,1/1/0001 0:00:00,5/14/2023 9:48:55,1368092953000000000,3735,3736,12.66543,12.91,100,20.33333,0.1279752,21.01098,22.60594,1.594957
3990,280720001,1613,6322,d25 h22 m31 s06,1,0,0,1365851894000000000,4/18/2023 11:17:56,1/1/0001 0:00:00,1/1/0001 0:00:00,5/14/2023 9:49:02,1368092960000000000,0,3736,12.35615,12.56,100,20,0.1285103,28.52298,30.9398,2.416824
2502,280720001,1613,6330,d25 h22 m31 s14,1,0,0,1365851894000000000,4/18/2023 11:17:56,1/1/0001 0:00:00,1/1/0001 0:00:00,5/14/2023 9:49:10,1368092968000000000,0,3736,12.96905,13.19,100,15.66667,0.1354708,27.352,29.66043,2.308434
3580,280720001,1613,6338,d25 h21 m57 s52,1,0,0,1365853903000000000,4/18/2023 11:51:25,1/1/0001 0:00:00,1/1/0001 0:00:00,5/14/2023 9:49:17,1368092975000000000,0,3732,10.43994,10.65,100,17.66667,0.1323763,26.40509,27.62302,1.21793
503,280720001,1613,6346,d25 h22 m31 s31,1,0,0,1365851894000000000,4/18/2023 11:17:56,1/1/0001 0:00:00,1/1/0001 0:00:00,5/14/2023 9:49:27,1368092985000000000,3735,3736,10.23211,10.43,100,21.66667,0.1258316,20.08404,21.84571,1.761662
15364,280720003,1613,6354,d25 h22 m31 s40,1,0,0,1365851894000000000,4/18/2023 11:17:56,1/1/0001 0:00:00,1/1/0001 0:00:00,5/14/2023 9:49:36,1368092994000000000,0,3736,10.1891,10.36,100,36.33333,0.1022712,39.89199,41.93415,2.04216
3014,280720001,1613,6362,d25 h23 m06 s50,1,0,0,1365851894000000000,4/18/2023 11:17:56,1/1/0001 0:00:00,1/1/0001 0:00:00,5/14/2023 10:24:46,1368095104000000000,0,3736,11.86999,12.11,100,17.33333,0.132667,26.49193,29.00335,2.511417
6880,280720001,1613,6370,d25 h22 m31 s57,1,0,0,1365851894000000000,4/18/2023 11:17:56,1/1/0001 0:00:00,1/1/0001 0:00:00,5/14/2023 9:49:53,1368093011000000000,3735,3736,10.52775,10.73,100,24.33333,0.1215465,16.89453,18.79496,1.900427
1594,280720001,1613,6378,d25 h22 m32 s05,1,0,0,1365851894000000000,4/18/2023 11:17:56,1/1/0001 0:00:00,1/1/0001 0:00:00,5/14/2023 9:50:01,1368093019000000000,3735,3736,12.29353,12.52,100,14.66667,0.137074,23.86582,26.30389,2.438065
7849,280720001,1613,6386,d25 h22 m32 s16,1,0,0,1365851894000000000,4/18/2023 11:17:56,1/1/0001 0:00:00,1/1/0001 0:00:00,5/14/2023 9:50:12,1368093030000000000,0,3736,10.946,11.14,100,27,0.117262,22.85621,24.8548,1.998587
6275,280720001,1613,6394,d25 h22 m32 s22,1,0,0,1365851894000000000,4/18/2023 11:17:56,1/1/0001 0:00:00,1/1/0001 0:00:00,5/14/2023 9:50:18,1368093036000000000,0,3736,11.3719,11.61,100,17.66667,0.132254,27.1768,29.73345,2.556644
1381,280720001,1613,6402,d25 h22 m32 s33,1,0,0,1365851894000000000,4/18/2023 11:17:56,1/1/0001 0:00:00,1/1/0001 0:00:00,5/14/2023 9:50:29,1368093047000000000,0,3736,9.52504,9.71,100,25,0.1204737,28.3587,31.97849,3.619793
414,280720001,1613,6410,d25 h22 m32 s54,1,0,0,1365851894000000000,4/18/2023 11:17:56,1/1/0001 0:00:00,1/1/0001 0:00:00,5/14/2023 9:50:50,1368093068000000000,0,3736,9.238061,9.42,100,23.33333,0.1231497,19.86678,21.62175,1.754972
8221,280720001,1613,6418,d25 h22 m32 s42,1,0,0,1365851894000000000,4/18/2023 11:17:56,1/1/0001 0:00:00,1/1/0001 0:00:00,5/14/2023 9:50:38,1368093056000000000,0,3736,9.854697,10.05,100,24,0.1220795,21.3364,23.79555,2.459152
6509,280720001,1613,6426,d25 h21 m59 s37,1,0,0,1365853903000000000,4/18/2023 11:51:25,1/1/0001 0:00:00,1/1/0001 0:00:00,5/14/2023 9:51:02,1368093080000000000,0,3732,11.45324,11.66,100,33,0.1077182,40.78604,45.24783,4.461792
6904,280720001,1613,6434,d25 h22 m33 s14,1,0,0,1365851894000000000,4/18/2023 11:17:56,1/1/0001 0:00:00,1/1/0001 0:00:00,5/14/2023 9:51:10,1368093088000000000,0,3736,13.50538,13.75,100,29.33333,0.1135109,22.92537,24.87856,1.953182
15471,280720003,1613,6442,d25 h22 m34 s58,1,0,0,1365851894000000000,4/18/2023 11:17:56,1/1/0001 0:00:00,1/1/0001 0:00:00,5/14/2023 9:52:54,1368093192000000000,0,3736,10.06424,10.25,100,37,0.1011914,22.37485,25.35232,2.977468
7575,280720001,1613,6450,d25 h22 m33 s30,1,0,0,1365851894000000000,4/18/2023 11:17:56,1/1/0001 0:00:00,1/1/0001 0:00:00,5/14/2023 9:51:26,1368093104000000000,0,3736,9.432162,9.64,100,30.33333,0.1119038,19.85144,21.76242,1.910982
2801,280720001,1613,6458,d25 h22 m33 s36,1,0,0,1365851894000000000,4/18/2023 11:17:56,1/1/0001 0:00:00,1/1/0001 0:00:00,5/14/2023 9:51:32,1368093110000000000,0,3736,10.86978,11.09,100,15.33333,0.1359976,19.54043,21.3957,1.855265
2745,280720001,1613,6466,d25 h22 m33 s41,1,0,0,1365851894000000000,4/18/2023 11:17:56,1/1/0001 0:00:00,1/1/0001 0:00:00,5/14/2023 9:51:37,1368093115000000000,0,3736,10.33535,10.54,100,18.66667,0.1306431,14.13099,15.36724,1.236243
6702,280720001,1613,6474,d25 h22 m33 s52,1,0,0,1365851894000000000,4/18/2023 11:17:56,1/1/0001 0:00:00,1/1/0001 0:00:00,5/14/2023 9:51:48,1368093126000000000,0,3736,10.31569,10.51,100,23.66667,0.1226111,28.1368,30.81381,2.67701
1819,280720001,1613,6482,d25 h22 m00 s31,1,0,0,1365853903000000000,4/18/2023 11:51:25,1/1/0001 0:00:00,1/1/0001 0:00:00,5/14/2023 9:51:56,1368093134000000000,0,3732,20.40299,20.69,100,17.66667,0.1323669,28.11328,31.29464,3.181362
4099,280720001,1613,6490,d25 h22 m01 s03,1,0,0,1365853903000000000,4/18/2023 11:51:25,1/1/0001 0:00:00,1/1/0001 0:00:00,5/14/2023 9:52:28,1368093166000000000,0,3732,13.17377,13.4,100,12.66667,0.1404033,28.02715,31.10076,3.073614
2759,280720001,1613,6498,d25 h22 m34 s16,1,0,0,1365851894000000000,4/18/2023 11:17:56,1/1/0001 0:00:00,1/1/0001 0:00:00,5/14/2023 9:52:12,1368093150000000000,0,3736,12.44835,12.65,94,18,0.1220744,18.00165,19.2972,1.295553
7871,280720001,1613,6506,d25 h23 m08 s39,1,0,0,1365851894000000000,4/18/2023 11:17:56,1/1/0001 0:00:00,1/1/0001 0:00:00,5/14/2023 10:26:35,1368095213000000000,0,3740,10.49673,10.69,100,23.66667,0.1224971,25.37388,28.21926,2.845383
377,280720001,1613,6514,d25 h23 m08 s46,1,0,0,1365851894000000000,4/18/2023 11:17:56,1/1/0001 0:00:00,1/1/0001 0:00:00,5/14/2023 10:26:42,1368095220000000000,0,3740,15.32583,15.57,100,22.33333,0.1246364,25.96554,28.94217,2.976635
7967,280720001,1613,6522,d25 h23 m08 s52,1,0,0,1365851894000000000,4/18/2023 11:17:56,1/1/0001 0:00:00,1/1/0001 0:00:00,5/14/2023 10:26:48,1368095226000000000,0,3740,10.67771,10.86,100,28,0.1155424,20.40352,22.97488,2.57136
2427,280720001,1613,6530,d25 h23 m08 s58,1,0,0,1365851894000000000,4/18/2023 11:17:56,1/1/0001 0:00:00,1/1/0001 0:00:00,5/14/2023 10:26:54,1368095232000000000,0,3740,9.248775,9.42,100,20.33333,0.1278452,21.25931,23.50143,2.242125
6468,280720001,1613,6538,d25 h23 m09 s06,1,0,0,1365851894000000000,4/18/2023 11:17:56,1/1/0001 0:00:00,1/1/0001 0:00:00,5/14/2023 10:27:02,1368095240000000000,0,3740,9.51834,9.68,100,28,0.1155417,24.71551,27.37004,2.654531
8555,280720001,1613,6546,d26 h00 m31 s42,1,0,0,1365846946000000000,4/18/2023 9:55:28,1/1/0001 0:00:00,1/1/0001 0:00:00,5/14/2023 10:27:10,1368095248000000000,0,3748,13.07373,13.33,100,24.33333,0.1211581,25.091,26.09183,1.000832
3261,280720001,1613,6554,d26 h00 m31 s48,1,0,0,1365846946000000000,4/18/2023 9:55:28,1/1/0001 0:00:00,1/1/0001 0:00:00,5/14/2023 10:27:16,1368095254000000000,0,3748,10.72805,11,100,20.33333,0.1275626,30.91074,32.39794,1.487196
3860,280720001,1613,6562,d25 h22 m19 s08,1,0,0,1365855213000000000,4/18/2023 12:13:15,1/1/0001 0:00:00,1/1/0001 0:00:00,5/14/2023 10:32:23,1368095561000000000,0,3736,15.35773,15.64,98,20.33333,0.124802,26.36314,27.77746,1.414326
3210,280720001,1613,6570,d26 h00 m32 s04,1,0,0,1365846946000000000,4/18/2023 9:55:28,1/1/0001 0:00:00,1/1/0001 0:00:00,5/14/2023 10:27:32,1368095270000000000,0,3748,10.42084,10.61,100,22,0.124893,29.1766,30.97175,1.795155
7751,280720001,1613,6578,d26 h00 m56 s44,1,0,0,1365846946000000000,4/18/2023 9:55:28,1/1/0001 0:00:00,1/1/0001 0:00:00,5/14/2023 10:52:12,1368096750000000000,0,3748,13.80038,14.04,100,29,0.1136099,21.50517,22.75335,1.24818
7969,280720001,1613,6586,d26 h00 m37 s25,1,0,0,1365846946000000000,4/18/2023 9:55:28,1/1/0001 0:00:00,1/1/0001 0:00:00,5/14/2023 10:32:53,1368095591000000000,0,3748,10.6301,10.83,100,28.66667,0.1142021,27.44497,29.95366,2.508684
7856,280720001,1613,6594,d26 h00 m32 s32,1,0,0,1365846946000000000,4/18/2023 9:55:28,1/1/0001 0:00:00,1/1/0001 0:00:00,5/14/2023 10:28:00,1368095298000000000,0,3748,10.2399,10.44,100,30.33333,0.1115484,20.42018,21.82705,1.406876
7875,280720001,1613,6602,d26 h00 m32 s38,1,0,0,1365846946000000000,4/18/2023 9:55:28,1/1/0001 0:00:00,1/1/0001 0:00:00,5/14/2023 10:28:06,1368095304000000000,0,3748,9.935467,10.13,100,20.66667,0.127026,16.60688,17.93044,1.323551
3401,280720001,1613,6610,d26 h00 m32 s46,1,0,0,1365846946000000000,4/18/2023 9:55:28,1/1/0001 0:00:00,1/1/0001 0:00:00,5/14/2023 10:28:14,1368095312000000000,0,3748,8.488155,8.69,100,21,0.1264919,33.29174,35.56061,2.268867
6625,280720001,1613,6618,d26 h00 m32 s56,1,0,0,1365846946000000000,4/18/2023 9:55:28,1/1/0001 0:00:00,1/1/0001 0:00:00,5/14/2023 10:28:24,1368095322000000000,0,3748,12.44483,12.69,100,25,0.1200867,23.74673,25.27961,1.532888
292,280720001,1613,6626,d26 h00 m33 s05,1,0,0,1365846946000000000,4/18/2023 9:55:28,1/1/0001 0:00:00,1/1/0001 0:00:00,5/14/2023 10:28:33,1368095331000000000,0,3748,16.43602,16.8,100,14.33333,0.1371651,26.22929,27.89318,1.663889
3629,280720001,1613,6634,d26 h00 m33 s20,1,0,0,1365846946000000000,4/18/2023 9:55:28,1/1/0001 0:00:00,1/1/0001 0:00:00,5/14/2023 10:28:48,1368095346000000000,0,3748,11.66222,11.86,99.33334,21,0.1254225,22.60955,24.0538,1.444244
6565,280720001,1613,6642,d26 h00 m33 s13,1,0,0,1365846946000000000,4/18/2023 9:55:28,1/1/0001 0:00:00,1/1/0001 0:00:00,5/14/2023 10:28:41,1368095339000000000,0,3748,10.52445,10.71,100,26,0.1184846,21.77919,23.63743,1.85824
4040,280720001,1613,6650,d26 h00 m33 s41,1,0,0,1365846946000000000,4/18/2023 9:55:28,1/1/0001 0:00:00,1/1/0001 0:00:00,5/14/2023 10:29:09,1368095367000000000,0,3748,10.74386,10.94,100,21.66667,0.1254214,22.25497,23.97294,1.717974
15683,280720003,1613,6658,d26 h00 m33 s29,1,0,0,1365846946000000000,4/18/2023 9:55:28,1/1/0001 0:00:00,1/1/0001 0:00:00,5/14/2023 10:28:57,1368095355000000000,0,3712,11.62505,11.86,100,42.66667,0.09179825,31.35966,77.81228,46.45261
204,280720001,1613,6666,d26 h00 m33 s52,1,0,0,1365846946000000000,4/18/2023 9:55:28,1/1/0001 0:00:00,1/1/0001 0:00:00,5/14/2023 10:29:20,1368095378000000000,0,3748,21.3235,21.65,100,11.66667,0.1414319,26.3206,28.6358,2.315195
2638,280720001,1613,6674,d25 h22 m37 s43,1,0,0,1365853903000000000,4/18/2023 11:51:25,1/1/0001 0:00:00,1/1/0001 0:00:00,5/14/2023 10:29:08,1368095366000000000,0,3736,10.40349,10.58,100,24.33333,0.1215278,25.98977,27.02187,1.032101
1469,280720001,1613,6682,d26 h00 m33 s29,1,0,0,1365846946000000000,4/18/2023 9:55:28,1/1/0001 0:00:00,1/1/0001 0:00:00,5/14/2023 10:28:57,1368095355000000000,0,3748,11.42037,11.63,100,28.66667,0.1142141,28.80187,31.04372,2.241848
15098,280720003,1613,6690,d26 h00 m33 s21,1,0,0,1365846946000000000,4/18/2023 9:55:28,1/1/0001 0:00:00,1/1/0001 0:00:00,5/14/2023 10:28:49,1368095347000000000,0,3748,10.37209,10.57,100,35.33333,0.1035403,25.83038,28.82051,2.990135
8468,280720001,1613,6698,d26 h00 m33 s11,1,0,0,1365846946000000000,4/18/2023 9:55:28,1/1/0001 0:00:00,1/1/0001 0:00:00,5/14/2023 10:28:39,1368095337000000000,0,3748,13.37272,13.67,100,17.66667,0.1318276,19.95677,21.7259,1.769133
7777,280720001,1613,6706,d26 h00 m33 s02,1,0,0,1365846946000000000,4/18/2023 9:55:28,1/1/0001 0:00:00,1/1/0001 0:00:00,5/14/2023 10:28:30,1368095328000000000,0,3748,11.6697,11.9,100,21.33333,0.1259573,23.72529,25.46672,1.741434
883,280720001,1613,6714,d26 h00 m32 s51,1,0,0,1365846946000000000,4/18/2023 9:55:28,1/1/0001 0:00:00,1/1/0001 0:00:00,5/14/2023 10:28:19,1368095317000000000,0,3748,12.72802,12.97,100,17.66667,0.1318288,22.95303,24.38497,1.431944
3171,280720001,1613,6722,d26 h00 m32 s45,1,0,0,1365846946000000000,4/18/2023 9:55:28,1/1/0001 0:00:00,1/1/0001 0:00:00,5/14/2023 10:28:13,1368095311000000000,0,3748,11.93544,12.16,100,20.66667,0.1270256,25.655,27.80916,2.15416
6192,280720001,1613,6730,d26 h00 m36 s25,1,0,0,1365846946000000000,4/18/2023 9:55:28,1/1/0001 0:00:00,1/1/0001 0:00:00,5/14/2023 10:31:53,1368095531000000000,0,3748,11.76914,12,100,16.66667,0.1334172,25.68566,28.07533,2.389662
15727,280720003,1613,6738,d26 h00 m34 s37,1,0,0,1365846946000000000,4/18/2023 9:55:28,1/1/0001 0:00:00,1/1/0001 0:00:00,5/14/2023 10:30:05,1368095423000000000,0,3748,13.04968,13.34,100,24.66667,0.120615,29.53257,32.65206,3.11949
2378,280720001,1613,6746,d26 h00 m32 s19,1,0,0,1365846946000000000,4/18/2023 9:55:28,1/1/0001 0:00:00,1/1/0001 0:00:00,5/14/2023 10:27:47,1368095285000000000,0,3748,14.4913,14.76,100,17,0.1328981,26.97122,28.9761,2.004881
3127,280720001,1613,6754,d26 h00 m32 s10,1,0,0,1365846946000000000,4/18/2023 9:55:28,1/1/0001 0:00:00,1/1/0001 0:00:00,5/14/2023 10:27:38,1368095276000000000,0,3748,15.35154,15.59,100,17.66667,0.1318312,26.36851,28.32777,1.959259
2843,280720001,1613,6762,d26 h00 m32 s03,1,0,0,1365846946000000000,4/18/2023 9:55:28,1/1/0001 0:00:00,1/1/0001 0:00:00,5/14/2023 10:27:31,1368095269000000000,0,3748,10.31641,10.5,100,19,0.1296967,25.57235,27.82932,2.256968
1791,280720001,1613,6770,d26 h00 m31 s54,1,0,0,1365846946000000000,4/18/2023 9:55:28,1/1/0001 0:00:00,1/1/0001 0:00:00,5/14/2023 10:27:22,1368095260000000000,0,3748,10.94748,11.14,100,19.33333,0.1291634,23.46245,25.23359,1.771133
544,280720001,1613,6778,d26 h00 m31 s44,1,0,0,1365846946000000000,4/18/2023 9:55:28,1/1/0001 0:00:00,1/1/0001 0:00:00,5/14/2023 10:27:12,1368095250000000000,3747,3748,11.22025,11.42,100,29,0.1136857,20.44117,22.72231,2.281134
2882,280720001,1613,6786,d26 h00 m31 s36,1,0,0,1365846946000000000,4/18/2023 9:55:28,1/1/0001 0:00:00,1/1/0001 0:00:00,5/14/2023 10:27:04,1368095242000000000,0,3748,12.53882,12.75,100,18.33333,0.1307657,22.45086,24.414,1.963135
7907,280720001,1613,6794,d26 h00 m31 s26,1,0,0,1365846946000000000,4/18/2023 9:55:28,1/1/0001 0:00:00,1/1/0001 0:00:00,5/14/2023 10:26:54,1368095232000000000,3747,3748,8.881398,9.04,100,30.66667,0.1110179,17.45753,18.86754,1.410013
1850,280720001,1613,6802,d26 h00 m31 s18,1,0,0,1365846946000000000,4/18/2023 9:55:28,1/1/0001 0:00:00,1/1/0001 0:00:00,5/14/2023 10:26:46,1368095224000000000,0,3748,10.18349,10.37,100,22.66667,0.1238281,26.51273,29.33882,2.826092
8649,280720001,1613,6810,d26 h00 m49 s05,1,0,0,1365846947000000000,4/18/2023 9:55:29,1/1/0001 0:00:00,1/1/0001 0:00:00,5/14/2023 10:44:34,1368096292000000000,3749,3752,13.23909,13.47,98.66666,56.33333,0.06775305,31.32044,34.79071,3.470274
3457,280720001,1613,6818,d26 h00 m49 s12,1,0,0,1365846946000000000,4/18/2023 9:55:28,1/1/0001 0:00:00,1/1/0001 0:00:00,5/14/2023 10:44:40,1368096298000000000,0,3752,9.791276,9.96,100,40,0.09602766,29.76389,33.28342,3.519531
7926,280720001,1613,6826,d26 h00 m49 s18,1,0,0,1365846946000000000,4/18/2023 9:55:28,1/1/0001 0:00:00,1/1/0001 0:00:00,5/14/2023 10:44:46,1368096304000000000,0,3752,10.68826,10.87,100,21.33333,0.1259026,30.11829,33.15059,3.032291
2551,280720001,1613,6834,d26 h00 m49 s26,1,0,0,1365846946000000000,4/18/2023 9:55:28,1/1/0001 0:00:00,1/1/0001 0:00:00,5/14/2023 10:44:54,1368096312000000000,0,3752,12.82545,13.03,98,21.66667,0.1221678,23.52536,25.87397,2.348612
7621,280720001,1613,6842,d26 h00 m49 s32,1,0,0,1365846946000000000,4/18/2023 9:55:28,1/1/0001 0:00:00,1/1/0001 0:00:00,5/14/2023 10:45:00,1368096318000000000,0,3752,11.58641,11.81,100,31.33333,0.1098973,21.5957,23.4283,1.832602
2733,280720001,1613,6850,d26 h00 m49 s38,1,0,0,1365846946000000000,4/18/2023 9:55:28,1/1/0001 0:00:00,1/1/0001 0:00:00,5/14/2023 10:45:06,1368096324000000000,0,3752,12.11361,12.39,100,23.66667,0.1221671,29.71159,31.34912,1.637537
4007,280720001,1613,6858,d26 h00 m49 s46,1,0,0,1365846946000000000,4/18/2023 9:55:28,1/1/0001 0:00:00,1/1/0001 0:00:00,5/14/2023 10:45:14,1368096332000000000,0,3752,11.89448,12.14,100,20.33333,0.1275015,31.94182,33.15472,1.212902
546,280720001,1613,6866,d26 h00 m58 s55,1,0,0,1365846946000000000,4/18/2023 9:55:28,1/1/0001 0:00:00,1/1/0001 0:00:00,5/14/2023 10:54:23,1368096881000000000,0,3752,10.46883,10.67,98.66666,25.33333,0.1173367,23.03826,23.68015,0.6418934
7323,280720001,1613,6874,d26 h00 m50 s02,2,1,-304.75,1365846946000000000,4/18/2023 9:55:28,4/18/2023 4:50:43,4/18/2023 4:50:43,5/14/2023 10:45:30,1368096348000000000,0,3752,12.25,12.49,100,29.66667,0.1125633,25.45679,25.93411,0.4773216
1642,280720001,1613,6882,d26 h00 m50 s08,1,0,0,1365846946000000000,4/18/2023 9:55:28,1/1/0001 0:00:00,1/1/0001 0:00:00,5/14/2023 10:45:36,1368096354000000000,0,3752,11.86968,12.12,100,23.33333,0.1226989,27.0258,28.44853,1.422728
1557,280720001,1613,6890,d26 h00 m50 s15,1,0,0,1365846946000000000,4/18/2023 9:55:28,1/1/0001 0:00:00,1/1/0001 0:00:00,5/14/2023 10:45:43,1368096361000000000,0,3752,8.169736,8.56,100,26.33333,0.1178973,24.17564,25.3358,1.160162
8361,280720001,1613,6898,d25 h22 m32 s33,1,0,0,1365855213000000000,4/18/2023 12:13:15,1/1/0001 0:00:00,1/1/0001 0:00:00,5/14/2023 10:45:48,1368096366000000000,0,3736,12.03353,12.26,100,23,0.1236863,26.31666,28.24687,1.930208
264,280720001,1613,6906,d26 h00 m50 s27,1,0,0,1365846946000000000,4/18/2023 9:55:28,1/1/0001 0:00:00,1/1/0001 0:00:00,5/14/2023 10:45:55,1368096373000000000,0,3752,10.60978,10.81,100,21.33333,0.1258987,24.51519,25.81052,1.295326
3097,280720001,1613,6914,d26 h00 m50 s31,1,0,0,1365846946000000000,4/18/2023 9:55:28,1/1/0001 0:00:00,1/1/0001 0:00:00,5/14/2023 10:45:59,1368096377000000000,3749,3752,11.26478,11.45,100,22.66667,0.1237646,20.87168,22.03905,1.16737
3423,280720001,1613,6922,d26 h00 m52 s37,1,0,0,1365846946000000000,4/18/2023 9:55:28,1/1/0001 0:00:00,1/1/0001 0:00:00,5/14/2023 10:48:05,1368096503000000000,0,3752,13.29081,13.49,100,18,0.1312258,28.69209,29.88875,1.196657
3582,280720001,1613,6930,d26 h00 m50 s46,1,0,0,1365846946000000000,4/18/2023 9:55:28,1/1/0001 0:00:00,1/1/0001 0:00:00,5/14/2023 10:46:14,1368096392000000000,0,3752,10.07987,10.27,100,25.33333,0.1194961,30.51033,32.07952,1.569187
15137,280720003,1613,6938,d26 h00 m50 s51,1,0,0,1365846946000000000,4/18/2023 9:55:28,1/1/0001 0:00:00,1/1/0001 0:00:00,5/14/2023 10:46:19,1368096397000000000,3749,3752,12.35351,12.6,99.66666,22,0.124297,22.59408,24.96037,2.366295
4019,280720001,1613,6946,d25 h22 m55 s00,1,0,0,1365853903000000000,4/18/2023 11:51:25,1/1/0001 0:00:00,1/1/0001 0:00:00,5/14/2023 10:46:25,1368096403000000000,0,3740,11.02777,11.23,100,19.66667,0.1289632,27.90035,30.33559,2.435234
341,280720001,1613,6954,d26 h00 m51 s07,1,0,0,1365846946000000000,4/18/2023 9:55:28,1/1/0001 0:00:00,1/1/0001 0:00:00,5/14/2023 10:46:35,1368096413000000000,0,3752,12.34131,12.57,100,14.33333,0.1370991,28.09253,30.17373,2.0812
8073,280720001,1613,6962,d26 h00 m51 s14,1,0,0,1365846946000000000,4/18/2023 9:55:28,1/1/0001 0:00:00,1/1/0001 0:00:00,5/14/2023 10:46:42,1368096420000000000,0,3752,9.614526,9.93,100,27,0.1168273,31.24139,31.72823,0.4868374
7374,280720001,1613,6970,d26 h00 m51 s20,1,0,0,1365846946000000000,4/18/2023 9:55:28,1/1/0001 0:00:00,1/1/0001 0:00:00,5/14/2023 10:46:48,1368096426000000000,0,3752,9.266979,9.44,100,31.33333,0.1098921,23.64761,25.83494,2.187332
2994,280720001,1613,6978,d26 h00 m51 s29,1,0,0,1365846946000000000,4/18/2023 9:55:28,1/1/0001 0:00:00,1/1/0001 0:00:00,5/14/2023 10:46:57,1368096435000000000,0,3752,20.01729,20.3,100,8,0.1472334,28.61347,30.87813,2.26466
1915,280720001,1613,6986,d26 h00 m51 s39,1,0,0,1365846946000000000,4/18/2023 9:55:28,1/1/0001 0:00:00,1/1/0001 0:00:00,5/14/2023 10:47:07,1368096445000000000,0,3752,13.19085,13.41,100,18,0.1312292,20.5652,22.28029,1.715099
15675,280720003,1613,6994,d25 h22 m33 s59,1,0,0,1365855213000000000,4/18/2023 12:13:15,1/1/0001 0:00:00,1/1/0001 0:00:00,5/14/2023 10:47:14,1368096452000000000,0,3736,11.20876,11.39,100,40.33333,0.09583984,28.13329,32.48019,4.346905
3941,280720001,1613,7002,d26 h00 m51 s52,1,0,0,1365846946000000000,4/18/2023 9:55:28,1/1/0001 0:00:00,1/1/0001 0:00:00,5/14/2023 10:47:20,1368096458000000000,0,3752,13.07244,13.3,100,19,0.1296281,19.79515,21.42943,1.634277
332,280720001,1613,7010,d26 h00 m55 s23,1,0,0,1365846946000000000,4/18/2023 9:55:28,1/1/0001 0:00:00,1/1/0001 0:00:00,5/14/2023 10:50:51,1368096669000000000,0,3752,9.93724,10.13,100,20.66667,0.126949,24.21059,26.50682,2.296232
976,280720001,1613,7018,d26 h00 m55 s10,1,0,0,1365846946000000000,4/18/2023 9:55:28,1/1/0001 0:00:00,1/1/0001 0:00:00,5/14/2023 10:50:38,1368096656000000000,0,3752,10.78937,10.99,100,16.66667,0.1333505,21.44521,23.56069,2.115477
1650,280720001,1613,7026,d26 h00 m53 s24,1,0,0,1365846946000000000,4/18/2023 9:55:28,1/1/0001 0:00:00,1/1/0001 0:00:00,5/14/2023 10:48:52,1368096550000000000,0,3752,13.09336,13.32,100,24.33333,0.121088,25.28525,27.42293,2.13768
6301,280720001,1613,7034,d26 h01 m26 s58,1,0,0,1365846946000000000,4/18/2023 9:55:28,1/1/0001 0:00:00,1/1/0001 0:00:00,5/14/2023 11:22:26,1368098564000000000,0,3752,10.02562,10.22,100,32.33333,0.1081889,25.81737,27.46885,1.651484
1961,280720001,1613,7042,d26 h00 m51 s31,1,0,0,1365846946000000000,4/18/2023 9:55:28,1/1/0001 0:00:00,1/1/0001 0:00:00,5/14/2023 10:46:59,1368096437000000000,0,3752,9.449465,9.63,100,21.33333,0.1258951,24.17644,26.03644,1.860001
1580,280720001,1613,7050,d26 h00 m51 s18,1,0,0,1365846946000000000,4/18/2023 9:55:28,1/1/0001 0:00:00,1/1/0001 0:00:00,5/14/2023 10:46:46,1368096424000000000,0,3752,14.72583,14.98,100,13.66667,0.1381654,28.62561,31.59947,2.973856
752,280720001,1613,7058,d26 h00 m53 s08,1,0,0,1365846946000000000,4/18/2023 9:55:28,1/1/0001 0:00:00,1/1/0001 0:00:00,5/14/2023 10:48:36,1368096534000000000,0,3752,13.68049,13.91,100,17,0.1328243,25.67212,27.39202,1.7199
3635,280720001,1613,7066,d26 h00 m51 s00,1,0,0,1365846946000000000,4/18/2023 9:55:28,1/1/0001 0:00:00,1/1/0001 0:00:00,5/14/2023 10:46:28,1368096406000000000,0,3752,11.65544,11.85,98.66666,20.66667,0.12483,24.41322,26.92868,2.515467
7259,280720001,1613,7074,d26 h00 m50 s43,1,0,0,1365846946000000000,4/18/2023 9:55:28,1/1/0001 0:00:00,1/1/0001 0:00:00,5/14/2023 10:46:11,1368096389000000000,0,3752,12.32446,12.55,100,28.66667,0.1141616,23.68038,26.03326,2.352877
7462,280720001,1613,7082,d26 h00 m50 s36,1,0,0,1365846946000000000,4/18/2023 9:55:28,1/1/0001 0:00:00,1/1/0001 0:00:00,5/14/2023 10:46:04,1368096382000000000,0,3752,9.726746,9.91,100,25.33333,0.1194966,21.68176,24.31439,2.632627
2195,280720001,1613,7090,d26 h00 m50 s29,1,0,0,1365846946000000000,4/18/2023 9:55:28,1/1/0001 0:00:00,1/1/0001 0:00:00,5/14/2023 10:45:57,1368096375000000000,0,3752,9.875148,10.04,100,22.33333,0.1242982,22.56403,25.15036,2.58633
6709,280720001,1613,7098,d26 h00 m50 s10,1,0,0,1365846946000000000,4/18/2023 9:55:28,1/1/0001 0:00:00,1/1/0001 0:00:00,5/14/2023 10:45:38,1368096356000000000,0,3752,9.6132,9.8,100,22,0.1248327,22.45355,24.8736,2.420053
715,280720001,1613,7106,d26 h00 m50 s18,1,0,0,1365846946000000000,4/18/2023 9:55:28,1/1/0001 0:00:00,1/1/0001 0:00:00,5/14/2023 10:45:46,1368096364000000000,0,3752,13.15091,13.38,100,18.66667,0.130167,28.47375,31.36553,2.891773
2933,280720001,1613,7114,d26 h01 m13 s03,1,0,0,1365846946000000000,4/18/2023 9:55:28,1/1/0001 0:00:00,1/1/0001 0:00:00,5/14/2023 11:08:31,1368097729000000000,0,3752,8.289087,8.45,99,18.33333,0.1290218,26.49193,28.51307,2.021135
2552,280720001,1613,7122,d26 h01 m12 s57,1,0,0,1365846946000000000,4/18/2023 9:55:28,1/1/0001 0:00:00,1/1/0001 0:00:00,5/14/2023 11:08:25,1368097723000000000,0,3752,9.726865,9.93,97.33334,27,0.1124945,28.85227,30.83857,1.986305
7432,280720001,1613,7130,d26 h01 m13 s31,1,0,0,1365846946000000000,4/18/2023 9:55:28,1/1/0001 0:00:00,1/1/0001 0:00:00,5/14/2023 11:08:59,1368097757000000000,0,3752,9.858391,10.04,100,32.33333,0.1082277,21.50026,23.50855,2.008293
7005,280720001,1613,7138,d26 h01 m13 s47,1,0,0,1365846946000000000,4/18/2023 9:55:28,1/1/0001 0:00:00,1/1/0001 0:00:00,5/14/2023 11:09:15,1368097773000000000,0,3752,16.01247,16.25,100,23.66667,0.1220885,25.79536,28.03983,2.244469
530,280720001,1613,7146,d25 h22 m56 s43,1,0,0,1365855213000000000,4/18/2023 12:13:15,1/1/0001 0:00:00,1/1/0001 0:00:00,5/14/2023 11:09:58,1368097816000000000,0,3740,10.85347,11.05,100,24,0.1220011,24.21543,26.25832,2.042894
2878,280720001,1613,7154,d26 h01 m14 s29,1,0,0,1365846947000000000,4/18/2023 9:55:29,1/1/0001 0:00:00,1/1/0001 0:00:00,5/14/2023 11:09:58,1368097816000000000,0,3752,9.019702,9.2,97.33334,23.33333,0.1183543,26.82999,27.79517,0.9651814
7504,280720001,1613,7162,d26 h01 m14 s48,1,0,0,1365846946000000000,4/18/2023 9:55:28,1/1/0001 0:00:00,1/1/0001 0:00:00,5/14/2023 11:10:16,1368097834000000000,0,3752,8.180837,8.36,100,24.33333,0.1210189,20.95004,21.87383,0.9237995
6199,280720001,1613,7170,d26 h01 m15 s12,1,0,0,1365846946000000000,4/18/2023 9:55:28,1/1/0001 0:00:00,1/1/0001 0:00:00,5/14/2023 11:10:40,1368097858000000000,0,3752,11.47726,11.66,98,29.33333,0.1098221,29.50102,30.62661,1.125593
2230,280720001,1613,7178,d26 h01 m15 s28,1,0,0,1365846946000000000,4/18/2023 9:55:28,1/1/0001 0:00:00,1/1/0001 0:00:00,5/14/2023 11:10:56,1368097874000000000,0,3752,11.62286,11.85,100,23,0.1231492,25.09423,25.83492,0.7406883
8610,280720001,1613,7186,d26 h01 m15 s42,1,0,0,1365846946000000000,4/18/2023 9:55:28,1/1/0001 0:00:00,1/1/0001 0:00:00,5/14/2023 11:11:10,1368097888000000000,0,3752,16.02154,16.28,100,21.66667,0.1252809,21.24381,22.66106,1.417246
2980,280720001,1613,7194,d26 h01 m24 s51,1,0,0,1365846946000000000,4/18/2023 9:55:28,1/1/0001 0:00:00,1/1/0001 0:00:00,5/14/2023 11:20:19,1368098437000000000,0,408,10.38751,10.64,100,63,0.0591608,31.62917,32.9053,1.276123
3908,280720001,1613,7202,d26 h01 m16 s16,1,0,0,1365846946000000000,4/18/2023 9:55:28,1/1/0001 0:00:00,1/1/0001 0:00:00,5/14/2023 11:11:44,1368097922000000000,0,3752,9.889296,10.11,100,24.33333,0.1210142,23.53162,24.68611,1.154493
7868,280720001,1613,7210,d26 h01 m16 s36,1,0,0,1365846947000000000,4/18/2023 9:55:29,1/1/0001 0:00:00,1/1/0001 0:00:00,5/14/2023 11:12:05,1368097943000000000,0,3752,11.1602,11.35,100,24.33333,0.1210131,21.61141,23.06368,1.452271
4001,280720001,1613,7218,d26 h01 m16 s53,1,0,0,1365846946000000000,4/18/2023 9:55:28,1/1/0001 0:00:00,1/1/0001 0:00:00,5/14/2023 11:12:21,1368097959000000000,0,3752,9.875749,10.06,100,29,0.1135489,30.71144,33.35791,2.646465
15287,280720003,1613,7226,d26 h01 m17 s05,1,0,0,1365846947000000000,4/18/2023 9:55:29,1/1/0001 0:00:00,1/1/0001 0:00:00,5/14/2023 11:12:34,1368097972000000000,0,3752,9.434941,9.71,100,43,0.09115847,25.81064,27.20811,1.39747
2491,280720001,1613,7234,d25 h23 m21 s26,1,0,0,1365853903000000000,4/18/2023 11:51:25,1/1/0001 0:00:00,1/1/0001 0:00:00,5/14/2023 11:12:51,1368097989000000000,0,3740,9.296345,9.49,100,44.66667,0.08876665,29.86776,33.35338,3.48562
15361,280720003,1613,7242,d26 h01 m18 s00,1,0,0,1365846946000000000,4/18/2023 9:55:28,1/1/0001 0:00:00,1/1/0001 0:00:00,5/14/2023 11:13:28,1368098026000000000,3752,3752,9.511353,9.7,100,32.33333,0.1082147,23.9146,26.06922,2.154613
1771,280720001,1613,7250,d26 h01 m17 s54,1,0,0,1365846946000000000,4/18/2023 9:55:28,1/1/0001 0:00:00,1/1/0001 0:00:00,5/14/2023 11:13:22,1368098020000000000,0,3752,10.96527,11.18,100,23.66667,0.1220751,26.03765,27.9273,1.889654
4111,280720001,1613,7258,d26 h01 m12 s49,1,0,0,1365846946000000000,4/18/2023 9:55:28,1/1/0001 0:00:00,1/1/0001 0:00:00,5/14/2023 11:08:17,1368097715000000000,0,3752,11.44326,11.63,100,17.66667,0.1316883,26.02089,27.71343,1.692535
3932,280720001,1613,7266,d26 h01 m12 s41,1,0,0,1365846947000000000,4/18/2023 9:55:29,1/1/0001 0:00:00,1/1/0001 0:00:00,5/14/2023 11:08:10,1368097708000000000,0,40,9.706219,10.73,100,65.33334,0.05544791,23.9395,25.62621,1.686707
1460,280720001,1613,7274,d26 h01 m23 s56,1,0,0,1365846947000000000,4/18/2023 9:55:29,1/1/0001 0:00:00,1/1/0001 0:00:00,5/14/2023 11:19:25,1368098383000000000,0,3752,13.37609,13.6,100,12.66667,0.1396442,26.69397,28.95688,2.262918
2258,280720001,1613,7282,d26 h01 m20 s55,1,0,0,1365846946000000000,4/18/2023 9:55:28,1/1/0001 0:00:00,1/1/0001 0:00:00,5/14/2023 11:16:23,1368098201000000000,0,3752,12.03862,12.28,100,17,0.132726,24.80679,26.56254,1.755751
1465,280720001,1613,7290,d26 h01 m14 s06,1,0,0,1365846946000000000,4/18/2023 9:55:28,1/1/0001 0:00:00,1/1/0001 0:00:00,5/14/2023 11:09:34,1368097792000000000,3752,3752,18.1111,18.39,100,24,0.1215543,20.89113,22.92248,2.031347
2529,280720001,1613,7298,d26 h01 m14 s13,1,0,0,1365846946000000000,4/18/2023 9:55:28,1/1/0001 0:00:00,1/1/0001 0:00:00,5/14/2023 11:09:41,1368097799000000000,0,3752,13.74984,14,100,18.66667,0.130084,25.47416,27.52608,2.051924
1336,280720001,1613,7306,d26 h01 m14 s41,1,0,0,1365846946000000000,4/18/2023 9:55:28,1/1/0001 0:00:00,1/1/0001 0:00:00,5/14/2023 11:10:09,1368097827000000000,0,3752,10.66902,10.88,100,21,0.1263505,24.75205,27.03067,2.278625
2827,280720001,1613,7314,d26 h01 m15 s05,1,0,0,1365846946000000000,4/18/2023 9:55:28,1/1/0001 0:00:00,1/1/0001 0:00:00,5/14/2023 11:10:33,1368097851000000000,3752,3752,11.59276,11.82,100,20.66667,0.1268823,20.86275,22.73054,1.867788
2831,280720001,1613,7322,d26 h01 m15 s21,1,0,0,1365846946000000000,4/18/2023 9:55:28,1/1/0001 0:00:00,1/1/0001 0:00:00,5/14/2023 11:10:49,1368097867000000000,0,3752,9.156726,9.32,100,20,0.1279476,24.64017,26.70355,2.063377
6338,280720001,1613,7330,d26 h01 m15 s35,1,0,0,1365846946000000000,4/18/2023 9:55:28,1/1/0001 0:00:00,1/1/0001 0:00:00,5/14/2023 11:11:03,1368097881000000000,0,3752,9.358033,9.62,99,22,0.1231488,25.61371,27.71343,2.099716
7502,280720001,1613,7338,d26 h01 m15 s54,1,0,0,1365846946000000000,4/18/2023 9:55:28,1/1/0001 0:00:00,1/1/0001 0:00:00,5/14/2023 11:11:22,1368097900000000000,0,3752,13.26025,13.51,100,26.33333,0.1178167,26.0167,29.05249,3.035788
4124,280720001,1613,7346,d26 h01 m16 s21,1,0,0,1365846946000000000,4/18/2023 9:55:28,1/1/0001 0:00:00,1/1/0001 0:00:00,5/14/2023 11:11:49,1368097927000000000,0,3752,16.19185,16.44,100,14.66667,0.1364738,28.48601,31.16526,2.679251
3904,280720001,1613,7354,d26 h01 m16 s31,1,0,0,1365846946000000000,4/18/2023 9:55:28,1/1/0001 0:00:00,1/1/0001 0:00:00,5/14/2023 11:11:59,1368097937000000000,0,3752,9.002419,9.22,100,28,0.1151493,27.42515,30.06404,2.638889
7252,280720001,1613,7362,d26 h01 m17 s00,1,0,0,1365846946000000000,4/18/2023 9:55:28,1/1/0001 0:00:00,1/1/0001 0:00:00,5/14/2023 11:12:28,1368097966000000000,0,3752,10.30027,10.5,100,27.33333,0.116214,27.46958,30.62959,3.160019
978,280720001,1613,7370,d26 h01 m17 s12,1,0,0,1365846946000000000,4/18/2023 9:55:28,1/1/0001 0:00:00,1/1/0001 0:00:00,5/14/2023 11:12:40,1368097978000000000,0,3752,11.2934,11.5,100,20,0.1279413,29.16201,33.10015,3.938139
8428,280720001,1613,7378,d26 h01 m17 s31,1,0,0,1365846946000000000,4/18/2023 9:55:28,1/1/0001 0:00:00,1/1/0001 0:00:00,5/14/2023 11:12:59,1368097997000000000,0,3752,13.57674,13.81,100,19.66667,0.1284733,18.92017,21.60358,2.683409
7217,280720001,1613,7386,d26 h01 m18 s16,1,0,0,1365846946000000000,4/18/2023 9:55:28,1/1/0001 0:00:00,1/1/0001 0:00:00,5/14/2023 11:13:44,1368098042000000000,0,3752,9.64994,9.85,100,31.66667,0.1092801,24.41928,26.81487,2.395588
1315,280720001,1613,7394,d26 h01 m18 s09,1,0,0,1365846946000000000,4/18/2023 9:55:28,1/1/0001 0:00:00,1/1/0001 0:00:00,5/14/2023 11:13:37,1368098035000000000,0,3752,11.52609,11.73,100,18,0.1311365,24.44219,27.07515,2.632959
209,280720001,1613,7402,d26 h01 m28 s36,1,0,0,1365846946000000000,4/18/2023 9:55:28,1/1/0001 0:00:00,1/1/0001 0:00:00,5/14/2023 11:24:04,1368098662000000000,0,3756,12.7928,13.02,100,15,0.1358964,24.39041,26.60155,2.211143
2401,280720001,1613,7410,d26 h01 m28 s44,1,0,0,1365846946000000000,4/18/2023 9:55:28,1/1/0001 0:00:00,1/1/0001 0:00:00,5/14/2023 11:24:12,1368098670000000000,0,3756,11.14946,11.42,100,23.66667,0.1220398,25.06378,26.86059,1.796812
536,280720001,1613,7418,d26 h01 m28 s58,1,0,0,1365846946000000000,4/18/2023 9:55:28,1/1/0001 0:00:00,1/1/0001 0:00:00,5/14/2023 11:24:26,1368098684000000000,0,3756,10.97515,11.19,100,21.33333,0.1257695,23.02197,25.32808,2.306116
1775,280720001,1613,7426,d26 h01 m29 s04,1,0,0,1365846946000000000,4/18/2023 9:55:28,1/1/0001 0:00:00,1/1/0001 0:00:00,5/14/2023 11:24:32,1368098690000000000,0,3756,11.16578,11.39,99.33334,23.33333,0.1215058,24.06005,26.39607,2.336018
8072,280720001,1613,7434,d26 h01 m29 s11,1,0,0,1365846946000000000,4/18/2023 9:55:28,1/1/0001 0:00:00,1/1/0001 0:00:00,5/14/2023 11:24:39,1368098697000000000,0,3756,9.313856,9.51,100,23.66667,0.1220384,19.3464,21.83024,2.483843
1121,280720001,1613,7442,d26 h01 m29 s19,1,0,0,1365846946000000000,4/18/2023 9:55:28,1/1/0001 0:00:00,1/1/0001 0:00:00,5/14/2023 11:24:47,1368098705000000000,0,3756,11.38129,11.59,100,19.66667,0.1284329,22.77213,25.1323,2.360172
1323,280720001,1613,7450,d25 h23 m33 s32,1,0,0,1365853903000000000,4/18/2023 11:51:25,1/1/0001 0:00:00,1/1/0001 0:00:00,5/14/2023 11:24:57,1368098715000000000,0,3744,14.2761,14.52,100,7.333333,0.1486093,32.74847,34.41003,1.661552
2128,280720001,1613,7458,d26 h01 m29 s39,1,0,0,1365846946000000000,4/18/2023 9:55:28,1/1/0001 0:00:00,1/1/0001 0:00:00,5/14/2023 11:25:07,1368098725000000000,0,3756,10.52894,10.73,100,24,0.1215039,28.65458,32.5687,3.91412
1241,280720001,1613,7466,d25 h23 m12 s01,1,0,0,1365855213000000000,4/18/2023 12:13:15,1/1/0001 0:00:00,1/1/0001 0:00:00,5/14/2023 11:25:16,1368098734000000000,0,3740,10.07115,10.26,100,22.66667,0.1240907,23.02914,24.45107,1.421928
8234,280720001,1613,7474,d26 h01 m29 s58,1,0,0,1365846946000000000,4/18/2023 9:55:28,1/1/0001 0:00:00,1/1/0001 0:00:00,5/14/2023 11:25:26,1368098744000000000,0,3756,10.05267,10.29,100,26,0.1183055,19.98084,21.41359,1.432749
757,280720001,1613,7482,d26 h01 m30 s09,1,0,0,1365846946000000000,4/18/2023 9:55:28,1/1/0001 0:00:00,1/1/0001 0:00:00,5/14/2023 11:25:37,1368098755000000000,0,3756,16.5245,16.76,100,20.66667,0.1268314,29.15637,30.6749,1.51853
3784,280720001,1613,7490,d25 h23 m45 s56,1,0,0,1365855213000000000,4/18/2023 12:13:15,1/1/0001 0:00:00,1/1/0001 0:00:00,5/14/2023 11:59:11,1368100769000000000,3740,3740,10.55187,10.73,100,30,0.1122217,31.65085,33.73898,2.088129
8206,280720001,1613,7498,d26 h01 m30 s27,1,0,0,1365846946000000000,4/18/2023 9:55:28,1/1/0001 0:00:00,1/1/0001 0:00:00,5/14/2023 11:25:55,1368098773000000000,0,3756,12.47414,12.71,100,27,0.1167052,26.53902,31.11493,4.575914
1776,280720001,1613,7506,d26 h01 m30 s33,1,0,0,1365846946000000000,4/18/2023 9:55:28,1/1/0001 0:00:00,1/1/0001 0:00:00,5/14/2023 11:26:01,1368098779000000000,0,3756,11.87597,12.1,99.66666,18,0.1305603,21.35668,23.01919,1.662514
7301,280720001,1613,7514,d26 h01 m30 s45,1,0,0,1365846946000000000,4/18/2023 9:55:28,1/1/0001 0:00:00,1/1/0001 0:00:00,5/14/2023 11:26:13,1368098791000000000,0,3756,12.23458,12.56,100,20.33333,0.1273622,23.31778,24.5543,1.236519
2815,280720001,1613,7522,d26 h01 m30 s52,1,0,0,1365846947000000000,4/18/2023 9:55:29,1/1/0001 0:00:00,1/1/0001 0:00:00,5/14/2023 11:26:21,1368098799000000000,0,3756,11.47827,11.71,100,19.33333,0.1289605,22.74436,23.85025,1.105894
8151,280720001,1613,7530,d26 h01 m31 s44,1,0,0,1365846946000000000,4/18/2023 9:55:28,1/1/0001 0:00:00,1/1/0001 0:00:00,5/14/2023 11:27:12,1368098850000000000,0,3756,13.88663,14.17,100,26.66667,0.1172341,23.67999,25.04839,1.368401
609,280720001,1613,7538,d26 h01 m32 s28,1,0,0,1365846946000000000,4/18/2023 9:55:28,1/1/0001 0:00:00,1/1/0001 0:00:00,5/14/2023 11:27:56,1368098894000000000,0,3756,12.47568,12.69,100,17,0.1326851,26.0536,27.36577,1.312164
3924,280720001,1613,7546,d26 h01 m43 s26,1,0,0,1365846947000000000,4/18/2023 9:55:29,1/1/0001 0:00:00,1/1/0001 0:00:00,5/14/2023 11:38:55,1368099553000000000,0,3756,12.00064,12.21,100,19.33333,0.1289174,23.17955,24.47124,1.291687
15223,280720003,1613,7554,d26 h01 m43 s57,1,0,0,1365846946000000000,4/18/2023 9:55:28,1/1/0001 0:00:00,1/1/0001 0:00:00,5/14/2023 11:39:25,1368099583000000000,0,3756,11.63416,11.89,100,27.66667,0.1155979,23.59265,25.69054,2.097889
2557,280720001,1613,7562,d26 h01 m45 s40,1,0,0,1365846947000000000,4/18/2023 9:55:29,1/1/0001 0:00:00,1/1/0001 0:00:00,5/14/2023 11:41:09,1368099687000000000,0,3756,10.58126,10.8,100,19.33333,0.1289097,23.91155,25.52369,1.612139
3865,280720001,1613,7570,d26 h01 m48 s25,1,0,0,1365846946000000000,4/18/2023 9:55:28,1/1/0001 0:00:00,1/1/0001 0:00:00,5/14/2023 11:43:53,1368099851000000000,0,3756,15.15294,15.49,100,17,0.1326288,26.98399,28.86341,1.879423
6331,280720001,1613,7578,d26 h01 m46 s15,1,0,0,1365846946000000000,4/18/2023 9:55:28,1/1/0001 0:00:00,1/1/0001 0:00:00,5/14/2023 11:41:43,1368099721000000000,0,3756,10.50452,10.72,100,25.33333,0.1193195,26.82298,28.87567,2.052692
1244,280720001,1613,7586,d26 h01 m45 s08,1,0,0,1365846946000000000,4/18/2023 9:55:28,1/1/0001 0:00:00,1/1/0001 0:00:00,5/14/2023 11:40:36,1368099654000000000,0,3756,11.28906,11.51,100,22.66667,0.1235846,29.64552,32.14442,2.498898
15768,280720003,1613,7594,d26 h01 m44 s58,1,0,0,1365846946000000000,4/18/2023 9:55:28,1/1/0001 0:00:00,1/1/0001 0:00:00,5/14/2023 11:40:26,1368099644000000000,0,3756,11.18932,11.42,100,34,0.1054735,25.5282,28.3516,2.823395
2738,280720001,1613,7602,d26 h01 m44 s46,1,0,0,1365846946000000000,4/18/2023 9:55:28,1/1/0001 0:00:00,1/1/0001 0:00:00,5/14/2023 11:40:14,1368099632000000000,3755,3756,10.79811,11,100,16.66667,0.1331744,15.08574,16.1583,1.072554
3090,280720001,1613,7610,d26 h01 m44 s35,1,0,0,1365846946000000000,4/18/2023 9:55:28,1/1/0001 0:00:00,1/1/0001 0:00:00,5/14/2023 11:40:03,1368099621000000000,0,3756,12.08888,12.34,100,16.33333,0.1337077,21.99202,23.68015,1.688139
1364,280720001,1613,7618,d26 h01 m44 s29,1,0,0,1365846946000000000,4/18/2023 9:55:28,1/1/0001 0:00:00,1/1/0001 0:00:00,5/14/2023 11:39:57,1368099615000000000,0,3756,13.74568,13.98,100,21.33333,0.1257175,26.79056,28.9736,2.183043
15749,280720003,1613,7626,d26 h01 m44 s20,1,0,0,1365846946000000000,4/18/2023 9:55:28,1/1/0001 0:00:00,1/1/0001 0:00:00,5/14/2023 11:39:48,1368099606000000000,3755,3756,11.3583,11.58,100,37.33333,0.1001483,13.60863,14.68258,1.073952
6478,280720001,1613,7634,d26 h01 m44 s11,1,0,0,1365846946000000000,4/18/2023 9:55:28,1/1/0001 0:00:00,1/1/0001 0:00:00,5/14/2023 11:39:39,1368099597000000000,0,3756,9.888514,10.08,100,26.33333,0.117728,21.34227,23.24983,1.907562
15122,280720003,1613,7642,d26 h01 m44 s03,1,0,0,1365846946000000000,4/18/2023 9:55:28,1/1/0001 0:00:00,1/1/0001 0:00:00,5/14/2023 11:39:31,1368099589000000000,0,3756,9.790034,9.97,100,34.33333,0.1049434,19.38919,21.8691,2.47991
8670,280720001,1613,7650,d26 h01 m43 s44,1,0,0,1365846946000000000,4/18/2023 9:55:28,1/1/0001 0:00:00,1/1/0001 0:00:00,5/14/2023 11:39:12,1368099570000000000,0,3756,12.47303,12.73,100,12.33333,0.1401033,31.56849,35.60919,4.040703
3373,280720001,1613,7658,d26 h01 m43 s38,1,0,0,1365846946000000000,4/18/2023 9:55:28,1/1/0001 0:00:00,1/1/0001 0:00:00,5/14/2023 11:39:06,1368099564000000000,0,3756,11.42986,11.66,100,17.33333,0.1321129,26.02006,28.40621,2.386152
15349,280720003,1613,7666,d26 h01 m43 s25,1,0,0,1365846946000000000,4/18/2023 9:55:28,1/1/0001 0:00:00,1/1/0001 0:00:00,5/14/2023 11:38:53,1368099551000000000,0,3756,11.65201,11.86,100,33.66667,0.1060106,34.05511,38.99606,4.940948
1751,280720001,1613,7674,d26 h01 m43 s30,1,0,0,1365846946000000000,4/18/2023 9:55:28,1/1/0001 0:00:00,1/1/0001 0:00:00,5/14/2023 11:38:58,1368099556000000000,0,3756,10.63456,10.84,100,21.66667,0.1251881,28.29738,30.57765,2.280268
6249,280720001,1613,7682,d26 h01 m56 s32,1,0,0,1365846946000000000,4/18/2023 9:55:28,1/1/0001 0:00:00,1/1/0001 0:00:00,5/14/2023 11:52:00,1368100338000000000,0,3756,14.13653,14.39,100,26.66667,0.1171567,27.44887,29.83988,2.39101
7701,280720001,1613,7690,d26 h01 m56 s06,1,380,24.4,1365846946000000000,4/18/2023 9:55:28,4/18/2023 10:19:52,5/14/2023 11:37:31,5/14/2023 11:51:34,1368100312000000000,3730,3756,11.29329,11.54,100,28.33333,0.1144954,20.81686,22.69587,1.879004
3782,280720001,1613,7698,d26 h01 m55 s52,1,0,0,1365846946000000000,4/18/2023 9:55:28,1/1/0001 0:00:00,1/1/0001 0:00:00,5/14/2023 11:51:20,1368100298000000000,0,3756,10.38245,10.56,100,24.33333,0.1208866,24.12725,26.21426,2.087009
7216,280720001,1613,7706,d26 h02 m20 s37,1,1644,11.3,1365846946000000000,4/18/2023 9:55:28,4/18/2023 10:06:46,5/14/2023 11:45:09,5/14/2023 12:16:05,1368101783000000000,3559,3756,10.22885,10.43,100,29.33333,0.1128241,19.61072,22.09386,2.483137
2976,280720001,1613,7714,d26 h01 m55 s23,1,0,0,1365846946000000000,4/18/2023 9:55:28,1/1/0001 0:00:00,1/1/0001 0:00:00,5/14/2023 11:50:51,1368100269000000000,0,3756,13.85495,14.08,100,15.33333,0.1352669,27.14118,29.52887,2.387688
3961,280720001,1613,7722,d26 h01 m55 s05,1,0,0,1365846946000000000,4/18/2023 9:55:28,1/1/0001 0:00:00,1/1/0001 0:00:00,5/14/2023 11:50:33,1368100251000000000,0,3756,10.7966,10.99,100,20,0.1278123,26.40746,28.51325,2.105785
15283,280720003,1613,7730,d26 h01 m54 s39,1,0,0,1365846946000000000,4/18/2023 9:55:28,1/1/0001 0:00:00,1/1/0001 0:00:00,5/14/2023 11:50:07,1368100225000000000,3756,3756,9.894254,10.13,100,22,0.1246184,31.44609,35.98536,4.53927
6335,280720001,1613,7738,d26 h01 m54 s26,1,0,0,1365846946000000000,4/18/2023 9:55:28,1/1/0001 0:00:00,1/1/0001 0:00:00,5/14/2023 11:49:54,1368100212000000000,0,3756,11.19672,11.41,100,25,0.1198261,29.76778,32.9173,3.149523
7587,280720001,1613,7746,d26 h01 m54 s14,1,0,0,1365846946000000000,4/18/2023 9:55:28,1/1/0001 0:00:00,1/1/0001 0:00:00,5/14/2023 11:49:42,1368100200000000000,0,3756,11.01582,11.26,100,25.33333,0.1192941,21.28936,23.78296,2.493597
1543,280720001,1613,7754,d26 h01 m57 s21,1,0,0,1365846946000000000,4/18/2023 9:55:28,1/1/0001 0:00:00,1/1/0001 0:00:00,5/14/2023 11:52:49,1368100387000000000,0,3756,13.20084,13.43,100,22.66667,0.1235444,28.34252,31.28087,2.938354
8132,280720001,1613,7762,d26 h01 m53 s52,1,0,0,1365846946000000000,4/18/2023 9:55:28,1/1/0001 0:00:00,1/1/0001 0:00:00,5/14/2023 11:49:20,1368100178000000000,0,3756,11.91963,12.15,100,28.33333,0.1145022,29.91789,33.46545,3.547558
7704,280720001,1613,7770,d26 h01 m53 s18,1,0,0,1365846946000000000,4/18/2023 9:55:28,1/1/0001 0:00:00,1/1/0001 0:00:00,5/14/2023 11:48:46,1368100144000000000,0,3756,10.16498,10.38,100,27.33333,0.1161016,21.1682,23.59682,2.428627
8418,280720001,1613,7778,d26 h01 m53 s22,1,0,0,1365846946000000000,4/18/2023 9:55:28,1/1/0001 0:00:00,1/1/0001 0:00:00,5/14/2023 11:48:50,1368100148000000000,0,3756,9.068967,9.26,100,23.33333,0.1224923,20.90386,24.0568,3.152946
